,City,Latitude,Longitude,Temperature (Â°F),Humidity,Cloudiness,Wind Speed (mph),Country,Date Time
0,tuktoyaktuk,70.35997966,-129.8122079,12.2,79,40,26.46,CA,1619050005
1,albany,-73.5424279,101.0000289,37,55,79,13.18,US,1619049991
2,beringovskiy,54.44749313,175.5030845,27.9,74,67,4.32,RU,1619050570
3,la asuncion,12.67141871,-64.22542336,76.95,83,1,14.94,VE,1619050571
4,punta arenas,-76.70223679,-111.8752968,41,60,0,6.91,CL,1619050450
5,saint-philippe,-68.61085894,70.88917187,77,78,90,13.8,RE,1619050574
6,mataura,-49.10942539,-143.1406149,55,89,88,1.01,NZ,1619050575
7,mahebourg,-30.03259681,67.86436715,78.8,83,40,3.44,MU,1619050576
8,butaritari,7.828199983,160.6520231,82.31,77,100,14.74,KI,1619050577
9,qaqortoq,61.8634638,-46.02715009,48.2,27,75,31.07,GL,1619050578
10,busselton,-76.83762202,86.35467949,59,86,88,10.27,AU,1619050579
11,alugan,13.12785678,126.4914308,81.19,75,99,7.49,PH,1619050581
12,korla,42.0978299,84.99007862,58.42,29,98,13,CN,1619050582
13,avarua,-74.8606143,-166.4492402,82.4,65,40,16.11,CK,1619050583
14,klaksvik,66.67078989,-3.53060595,41,81,75,9.22,FO,1619050584
15,sabha,26.2213669,16.88764758,76.75,17,100,26.22,LY,1619050585
16,ribeira grande,34.41136597,-37.59187719,64.42,90,100,38.03,PT,1619050587
17,jalu,30.05223821,21.88019195,66.94,26,33,12.77,LY,1619050588
18,puerto ayora,-8.588411428,-100.5016332,77,94,65,4,EC,1619050589
19,tomatlan,18.95786948,-107.6840713,85.41,36,27,8.7,MX,1619050590
20,khatanga,75.85888933,96.28648046,18.43,94,100,18.84,RU,1619050591
22,touros,-2.92152619,-34.97338896,80.6,83,40,6.91,BR,1619050594
23,sitka,54.88326278,-137.6898737,55.4,35,20,9.22,US,1619050595
24,kushima,30.87842662,131.6725484,68,52,20,3.44,JP,1619050596
25,hilo,16.34189095,-145.5206592,84.2,48,75,12.66,US,1619050532
26,yelan,51.0118449,43.91586754,45.16,88,33,5.53,RU,1619050598
27,codrington,25.80699002,-50.86141519,56.17,73,99,11.68,AU,1619050600
28,tura,68.0453139,99.42281622,70.61,71,95,2.59,IN,1619050601
30,bredasdorp,-59.62766141,22.76122031,62.6,94,99,8.05,ZA,1619050603
31,bilibino,74.35258292,164.8094576,27.5,68,34,2.73,RU,1619050604
33,georgetown,-4.929610625,-13.22264555,82.4,89,40,1.14,MY,1619050604
34,kalianget,-5.767305125,116.0867975,79.88,71,80,5.32,ID,1619050608
35,rassvet,46.81098872,41.14352468,49.89,78,66,2.08,RU,1619050609
36,kodiak,41.18992185,-149.9616042,42.8,87,90,19.57,US,1619050610
37,wuchang,44.94000806,127.2402753,64.69,25,100,8.95,CN,1619050611
38,nanzhang,31.67993662,111.6335968,58.32,89,88,3.76,CN,1619050612
39,muros,42.11856387,-17.25524665,55.99,93,98,5.66,ES,1619050614
41,rocha,-42.23480446,-48.76512766,64.63,74,5,14.25,UY,1619050616
43,hobart,-85.502529,134.1152079,57.2,47,75,20.71,AU,1619050400
44,meulaboh,-3.058292433,89.26092827,76.75,88,97,3.11,ID,1619050619
45,bambous virieux,-35.88919087,81.6096974,78.8,83,40,3.44,MU,1619050620
46,sharkan,57.57289417,54.16193309,39,88,100,4,RU,1619050621
47,rikitea,-47.60275209,-118.1584514,77.36,74,37,11.83,PF,1619050623
48,beian,48.21963511,127.1183615,35.6,87,75,13.8,NO,1619050624
49,castro,-48.48524708,-86.54121354,54.79,98,70,5.39,BR,1619050625
50,shimoda,26.69026769,142.0959514,72,39,0,10.36,JP,1619050626
51,fort nelson,60.44480741,-122.1440243,32,43,75,8.05,CA,1619050627
52,nikolskoye,41.15894712,174.8252434,35.6,87,75,4.47,RU,1619050629
53,merrill,46.06557501,-90.55801284,37.4,44,90,4.61,US,1619050630
54,jamestown,-27.83018671,-0.687296802,32,80,90,17.27,US,1619050610
55,new norfolk,-78.29402778,126.6269608,57,61,89,7,AU,1619050632
56,kruisfontein,-81.3619495,28.94534336,63,96,99,2.53,ZA,1619050633
57,bandarbeyla,7.968207995,57.04664666,81.23,80,31,4.27,SO,1619050634
58,vila franca do campo,30.23121996,-25.85934276,64.4,94,75,19.57,PT,1619050636
59,bubaque,3.655551589,-22.57578252,78.26,69,100,15.97,GW,1619050637
60,atuona,0.051406457,-146.7473013,80.74,71,6,20.09,PF,1619050638
61,port alfred,-67.29041776,44.95105714,69.1,85,83,9.53,ZA,1619050639
62,esperance,-45.75288896,126.3170524,59,82,90,3.44,AU,1619050640
63,bethel,56.29298212,-161.4932114,39.99,73,90,5.99,US,1619050642
64,resistencia,-27.71116199,-59.40071438,75.2,69,0,9.22,AR,1619050643
65,bairiki,0.215411861,165.4346215,86,74,75,8.05,KI,1619050644
67,faanui,-8.029017069,-159.2362205,81.41,74,37,15.1,PF,1619050646
68,atambua,-8.628129011,124.2602299,76.69,75,57,1.21,ID,1619050647
69,lagoa,50.21654403,-32.57640742,63.72,87,87,25.55,PT,1619050649
70,svetlogorsk,67.30158668,93.15137924,41.97,93,95,6.4,BY,1619050650
71,nome,69.14764319,-165.516695,42.01,48,1,4.61,US,1619050651
72,terrace bay,48.40286657,-87.27402021,32,59,78,6.91,CA,1619050652
73,oriximina,0.501935743,-55.26403144,76.78,87,49,2.44,BR,1619050653
74,ilheus,-14.96356575,-38.61434633,78.8,94,20,4.61,BR,1619050655
75,severo-kurilsk,31.66944218,164.5873816,37.02,86,100,7.85,RU,1619050656
79,chuy,-57.84219971,-30.2427369,66.22,74,0,13.6,UY,1619050660
80,ekhabi,54.08202712,145.6471302,33.17,90,59,10.74,RU,1619050661
81,mar del plata,-55.5640127,-37.89041432,69.01,83,40,16.11,AR,1619050662
82,provideniya,52.4404897,-176.1767342,33.8,60,0,6.71,RU,1619050664
83,beloha,-29.71839248,42.94473244,68.67,88,12,11.16,MG,1619050665
84,cockburn town,24.96459611,-65.9560581,78.26,78,20,19.35,TC,1619050427
85,kapaa,35.81211936,-172.7509949,80.01,78,90,10.36,US,1619050667
88,sobolevo,56.48829549,156.1692365,38.57,94,48,7.43,RU,1619050670
90,port moresby,-12.30386208,146.124782,83.26,69,60,2.42,PG,1619050672
91,hermanus,-81.81122422,0.674789774,66.99,85,47,7,ZA,1619050391
92,santiago,-29.31827693,-54.79157046,66,67,0,9.22,CL,1619050675
93,dargaville,-37.07174069,172.8306919,67.91,53,86,7,NZ,1619050676
94,yellowknife,76.94789628,-108.2784827,21.2,63,90,19.57,CA,1619050677
95,kalmunai,8.271425718,86.08012509,78.19,82,50,6.04,LK,1619050678
96,dikson,87.4840007,89.23877826,25.9,97,100,11.68,RU,1619050679
97,barrow,85.01884693,-156.13334,23,86,1,8.05,US,1619050569
98,derby,37.48603943,-97.05939859,36,75,0,4.61,GB,1619050486
100,pangnirtung,64.49569944,-61.4908759,27.3,97,100,3.98,CA,1619050684
101,sept-iles,52.43546855,-66.31287897,39,81,75,6.91,CA,1619050685
102,igis,46.92801324,9.551178762,41,81,69,5.66,CH,1619050686
103,cruzeiro do sul,-7.271308099,-72.54447942,66.99,84,75,1.99,BR,1619050597
105,namatanai,1.936462787,155.0564047,81.18,77,98,4.52,PG,1619050689
106,bluff,-86.74218945,154.3113396,55,89,94,1.01,NZ,1619050690
107,zelenogorskiy,54.63221554,87.29590859,26.6,54,0,13.42,RU,1619050692
108,kholmogory,64.04625708,41.26249168,39.2,81,90,6.71,RU,1619050693
109,rumford,45.01706775,-70.69986194,37.99,95,100,1.01,US,1619050694
110,cape town,-36.91557502,15.33264025,66,88,0,4.61,ZA,1619050695
111,norman wells,77.92794188,-120.9067305,33.8,44,75,19.57,CA,1619050696
112,airai,13.36531038,137.5488117,66.99,72,43,1.23,TL,1619050698
113,victoria,-2.187674081,56.78578217,75,80,0,1.01,HK,1619050503
114,goderich,3.272419568,-21.14737892,30.2,64,29,13.8,CA,1619050700
115,moville,55.48760988,-6.798428962,46.99,31,1,5.75,US,1619050701
116,port hardy,42.18773044,-138.5965737,55.4,54,75,16.11,CA,1619050702
117,tiksi,71.01841399,129.158456,10.17,84,100,9.55,RU,1619050703
118,aguilares,13.9491526,-89.16983579,73,88,7,5.64,AR,1619050705
119,ahipara,-30.06225156,169.7057287,67.17,62,76,3.8,NZ,1619050706
120,vaitape,-19.44509529,-155.4144938,81.34,74,37,15.08,PF,1619050645
121,ust-nera,63.96619854,141.028158,23,68,60,7.38,RU,1619050708
122,lebu,-30.73493595,-96.11706449,53.47,83,18,15.41,CL,1619050709
123,ponta do sol,35.36283787,-20.46352834,63,74,92,1.01,PT,1619050710
124,ancud,-42.05749083,-91.14613569,48.99,100,75,4.38,CL,1619050442
125,micheweni,-6.025003403,43.87772347,78.06,85,94,12.12,TZ,1619050713
127,oga,40.65353724,138.655174,48.99,93,0,3.44,IT,1619050715
128,new philadelphia,40.38787469,-81.21169927,37.4,60,20,8.05,US,1619050716
129,shambu,9.538661974,36.75411079,59.61,49,98,3.67,ET,1619050717
130,lompoc,22.38185545,-133.9722091,55.4,76,24,10.36,US,1619050718
131,golub-dobrzyn,52.99824522,18.99460509,43,91,77,8.63,PL,1619050720
132,marsh harbour,28.89433275,-72.76752037,78.26,81,100,11.88,BS,1619050721
133,mazagao,0.622758569,-51.9288615,78.8,94,40,4.61,BR,1619050722
134,port elizabeth,-60.15996135,29.19907067,66.2,88,90,4.61,ZA,1619050723
135,hithadhoo,-6.672801576,79.28512837,82.31,67,19,5.1,MV,1619050724
136,arraial do cabo,-57.03742116,-17.03783286,71.6,94,75,10.36,BR,1619050726
137,teahupoo,-20.40605094,-149.2991898,84.2,61,40,6.91,PF,1619050727
138,venezuela,21.4448141,-78.78550864,90.81,31,0,9.06,VE,1619050728
139,ushuaia,-78.33544367,-66.82771348,44.6,57,0,4.61,AR,1619050729
140,ilulissat,83.2712282,-44.58664135,30.2,47,21,16.11,GL,1619050730
141,marawi,20.1610496,30.43669224,82,78,93,4,PH,1619050732
142,ostrovnoy,69.94489604,41.19346902,35.82,90,100,8.43,RU,1619050733
143,bangassou,4.676888016,22.650032,70.21,81,98,3.83,CF,1619050734
146,margate,-35.9121857,36.96041223,43,70,35,4,GB,1619050737
147,san patricio,7.987674895,-109.8368452,69.8,63,1,16.11,US,1619050738
148,boa vista,2.331423994,-60.92208099,86,54,0,8.05,BR,1619050740
149,oranjestad,14.12487821,-70.54518615,80.6,74,20,19.57,AW,1619050686
150,yulara,-26.07809534,131.295772,68,34,0,14.97,AU,1619050742
151,sungaipenuh,-2.530206951,101.4508847,65.55,95,91,0.83,ID,1619050743
152,aktash,49.20466484,87.05005718,10.18,88,99,3.36,RU,1619050744
153,cherskiy,76.57563615,164.3882376,33.31,73,100,22.01,RU,1619050745
154,gisborne,-40.52421749,179.3862496,63,67,46,1.99,NZ,1619050747
155,sira,58.44934218,6.646878845,77.56,64,90,5.82,IN,1619050748
157,souillac,-43.17996718,69.39791822,78.8,83,40,3.44,MU,1619050750
158,hualmay,-17.97916266,-89.70754649,68.45,85,9,8.32,PE,1619050751
159,longyearbyen,82.18028185,24.03627866,19.4,68,75,13.8,SJ,1619050506
160,mayumba,-6.318000312,6.512750479,75.24,82,100,6.98,GA,1619050753
161,senanga,-16.84226389,22.26463308,61.41,63,0,6.53,ZM,1619050755
162,komsomolskiy,71.61450391,172.6355846,42.8,81,0,6.91,UZ,1619050756
163,torbay,31.16514432,-47.21331657,41,87,20,6.91,CA,1619050757
164,irpa irpa,-17.93119632,-66.59811892,66.2,37,20,9.22,BO,1619050758
165,linxia,35.38183246,103.7735436,54.95,51,53,0.2,CN,1619050759
166,general roca,-37.85450197,-65.92391846,62.6,77,0,4.61,AR,1619050761
167,kindu,-1.540584762,25.61635625,67.62,98,94,2.75,CD,1619050762
168,kostino,58.95555466,53.2246564,39.78,78,100,11.77,RU,1619050763
169,sao filipe,8.777282861,-32.86215947,72.54,72,97,11.99,CV,1619050764
170,san jeronimo,13.58757267,-102.421859,51.03,80,78,3.2,PE,1619050765
171,mapiri,-15.03988217,-68.56482681,71.15,95,38,0.92,BO,1619050767
172,ouadda,7.971939166,21.89463686,72.41,74,96,6.11,CF,1619050768
173,port blair,14.27183184,89.44788451,80.8,75,75,4.29,IN,1619050519
174,anadyr,65.40893979,176.8487242,14,85,0,6.71,RU,1619050770
176,ilo,-17.88847557,-71.92845984,67.98,86,2,7.29,PE,1619050772
177,ambilobe,-9.851321722,50.95422791,72.64,81,99,3.87,MG,1619050774
178,hervey bay,-22.57438328,154.8545802,69.01,95,54,4,AU,1619050775
179,kavieng,3.232858493,151.7808428,83.1,73,100,8.86,PG,1619050776
180,pisco,-17.18063366,-83.85776416,66,94,0,19.57,PE,1619050777
181,pasighat,29.5546435,95.9219285,74.12,54,85,3.29,IN,1619050778
182,fortuna,40.58646065,-124.469756,57,87,90,13.8,US,1619050780
183,semirom,31.03161198,51.27935759,56.57,40,95,3.42,IR,1619050781
184,constitucion,21.66428373,-118.5012525,56.53,94,100,4.54,CL,1619050782
185,koshurnikovo,53.55500741,93.991818,18.54,84,96,1.97,RU,1619050783
186,glenwood springs,39.60905279,-107.7124828,59,35,100,13.8,US,1619050784
187,zeya,55.5232047,127.3327721,44.44,72,59,5.82,RU,1619050786
188,mareeba,-16.57456377,143.3895377,81,83,90,10.36,AU,1619050787
189,peniche,40.20666851,-15.18794818,60.01,88,21,8.01,PT,1619050788
190,pacifica,34.341442,-131.212558,57.2,62,40,18.41,US,1619050652
191,mao,14.80516166,13.96620904,57.2,72,20,10.36,ES,1619050790
192,shelburne,41.76040406,-65.21350139,32,68,90,12.1,CA,1619050505
193,arvika,59.65465627,12.78906896,37.4,87,20,19.57,SE,1619050792
194,fare,-12.72039603,-149.3400105,80.94,73,61,15.43,PF,1619050794
195,saskylakh,78.18876932,114.9002704,5.32,92,94,7.92,RU,1619050795
196,solnechnyy,62.27589178,138.64598,50.14,50,1,8.81,RU,1619050796
197,the pas,54.49533172,-100.935347,60.8,23,1,12.66,CA,1619050797
198,vaini,-56.46959466,-178.6085528,86,70,40,5.75,TO,1619050798
199,kloulklubed,6.491657922,134.8204652,84.2,79,75,5.75,PW,1619050800
200,cabo san lucas,14.71282756,-118.7385794,80.6,28,40,4.61,MX,1619050738
201,adelaide,-34.45599121,137.5851956,64,67,75,17.27,AU,1619050521
202,pangody,64.55150487,74.80421699,29.91,96,98,12.46,RU,1619050803
203,viedma,-41.65375902,-61.03195624,64.04,86,100,5.17,AR,1619050804
204,pacific grove,35.19879333,-124.8405638,53.01,90,60,9.98,US,1619050805
206,nicolas bravo,18.02249935,-89.02369082,84.2,74,20,13.8,MX,1619050807
207,ayacucho,-13.67566366,-74.60865708,53.76,85,63,6.31,PE,1619050809
208,sangueya,10.47663463,-14.58196142,76.57,74,99,3,GN,1619050810
209,ugoofaaru,5.915507086,71.2190093,82.67,73,16,10.71,MV,1619050811
210,bomet,-1.061084868,35.41877786,54.91,98,100,3.67,KE,1619050812
211,tonantins,-1.797757017,-67.69764311,73.36,97,54,2.59,BR,1619050813
212,rawson,-47.1827865,-59.57328347,58.89,72,100,9.37,AR,1619050815
213,nizhniy kuranakh,60.11972082,122.3938464,27.27,68,100,10.6,RU,1619050816
215,chincha alta,-13.38349769,-75.91191959,66,94,0,19.57,PE,1619050818
216,tabuk,17.40224712,121.3656721,79.97,70,99,2.35,PH,1619050819
218,burnie,-43.25569033,144.4263816,54,78,61,7,AU,1619050821
219,pevek,83.03855771,171.3476272,28.35,70,9,16.67,RU,1619050823
221,osakarovka,50.20302629,71.83448231,29.86,69,3,7.63,KZ,1619050825
222,teguldet,57.85701121,88.48646044,18.68,92,59,3.69,RU,1619050826
223,saint george,31.59137695,-52.54029524,75.2,8,1,23.02,US,1619050827
224,godda,24.78911165,87.29238873,83.25,50,98,4.59,IN,1619050828
225,east london,-45.69189033,37.54024673,70.27,87,90,8.48,ZA,1619050560
226,qui nhon,13.72717531,112.2263341,77.94,85,100,3.42,VN,1619050831
228,lorengau,-3.733995667,147.2795825,83.8,75,100,4.52,PG,1619050833
229,nabire,-5.847326753,136.9361594,83.05,72,99,0.96,ID,1619050834
230,san cristobal,-2.122702844,-86.25273218,82.4,65,40,5.75,VE,1619050835
231,lasa,31.95994935,89.47377482,41,87,40,2.3,IT,1619050837
232,kahului,37.61390269,-144.8969012,84.2,58,40,21.85,US,1619050838
233,santiago de cao,-9.692351635,-81.30298909,64.4,94,40,9.22,PE,1619050839
234,kupang,-12.04202699,122.5432278,78.85,77,40,2.84,ID,1619050840
235,bandipur,34.73066251,74.77872428,61.72,49,90,4.7,NP,1619050842
236,vicuna,-30.37312108,-70.64959428,59,88,0,4.61,CL,1619050843
238,grand gaube,-12.20163921,67.27083381,77,85,100,1.99,MU,1619050845
239,danville,37.63757392,-84.5798399,46.99,39,1,20.71,US,1619050658
241,vao,-24.74287037,171.8042107,75.22,73,81,5.44,NC,1619050848
242,huarmey,-12.64111221,-82.69233342,70.16,82,9,9.4,PE,1619050849
243,nyurba,63.31463092,119.0275334,17.53,89,97,2.26,RU,1619050851
244,ponta delgada,34.68791068,-26.78737227,64.4,94,75,19.57,PT,1619050852
245,honiara,-10.16391043,157.8050159,85.77,69,54,3.94,SB,1619050853
246,mersin,36.40361635,34.89144794,57.2,94,40,5.26,TR,1619050854
247,chokurdakh,89.70485101,151.1562019,15.75,92,100,12.24,RU,1619050855
248,skjervoy,74.11962163,20.07517042,36.39,59,100,15.03,NO,1619050857
249,avera,-36.11350555,-156.8795937,60.8,35,1,11.5,US,1619050858
250,ulladulla,-38.80936069,155.2329591,59,38,0,19.57,AU,1619050859
251,lavrentiya,74.72031129,-167.548137,32.68,73,97,1.92,RU,1619050860
252,bom jardim,-7.138104446,-46.34724945,75.2,83,0,8.05,BR,1619050861
253,coxim,-17.48514594,-55.44701511,75.11,40,0,2.26,BR,1619050863
254,alice springs,-20.79655744,133.3343543,73.99,26,0,6.91,AU,1619050864
255,xining,36.72372065,102.2686602,48.61,53,49,0.51,CN,1619050865
256,alghero,40.08856687,6.467027801,55.4,88,0,8.05,IT,1619050866
257,asfi,32.31050665,-10.72485348,60.96,80,98,11.32,MA,1619050867
258,sorumsand,60.020859,11.30880169,37.99,48,0,17.27,NO,1619050869
259,dwarka,20.95760136,68.21160714,80.08,74,36,9.1,IN,1619050870
260,tasiilaq,76.48074831,-34.9942074,26.6,50,75,13.8,GL,1619050871
261,maumere,-9.710187405,122.4265022,80.11,74,33,3.76,ID,1619050872
262,camacha,36.2173563,-18.4140091,66.2,88,75,8.05,PT,1619050873
263,cayenne,7.381707141,-48.99730598,79,94,75,4.61,GF,1619050875
264,valparaiso,-31.96633669,-73.11222825,59,94,0,3.44,CL,1619050714
265,thompson,57.5733041,-99.23008086,55.4,26,20,10.36,CA,1619050877
267,kamir,30.41081974,73.20196967,66.02,66,3,6.55,PK,1619050879
268,poum,-17.7576204,160.2019689,78.33,79,26,8.63,NC,1619050880
269,svetlyy,48.64925941,62.22902287,42.8,70,0,11.18,RU,1619050882
270,leningradskiy,85.60150088,175.9012374,35.96,73,15,5.82,RU,1619050883
271,kenora,50.60864101,-93.74748756,41,45,20,9.22,CA,1619050625
272,hasaki,29.49787016,148.1729666,68,34,0,6.91,JP,1619050885
273,qaanaaq,85.32082246,-92.63234032,8.15,76,83,8.25,GL,1619050886
274,newport,44.8405592,-126.5227466,45,68,28,12.66,GB,1619050724
275,saint-pierre,42.38870538,-55.5671188,77,78,90,13.8,RE,1619050888
276,tual,-7.026896075,129.5301622,83.07,70,39,2.53,ID,1619050890
277,hazorasp,39.86949565,60.37130343,42.8,36,0,6.91,UZ,1619050891
278,okha,54.59004948,142.8795627,33.39,88,61,10.67,RU,1619050892
279,tongchuan,35.50243028,109.5025256,53.85,83,99,3.22,CN,1619050893
280,san roque,3.991126286,123.2632199,62.6,72,75,12.66,ES,1619050894
281,amapa,2.39615459,-51.51301989,72.05,98,80,1.95,BR,1619050896
282,saint-leu,-21.507509,54.66841204,77,78,90,13.8,RE,1619050897
283,atar,24.00270276,-11.18753842,79.72,14,12,8.21,MR,1619050898
284,carnarvon,-25.08534822,99.53271959,68,45,32,12.66,AU,1619050899
285,cap malheureux,-12.79823474,57.39286502,77,85,100,1.99,MU,1619050900
286,fairbanks,74.96623669,-145.0262786,48.99,31,1,4.61,US,1619050852
287,talnakh,69.45089744,91.07939843,14.72,95,100,11.32,RU,1619050903
288,iqaluit,64.25762909,-73.78257997,17.6,79,75,19.57,CA,1619050904
289,superior,46.7398905,-91.42680306,41,33,90,6.91,US,1619050748
290,ca mau,8.708530232,103.8758879,81.23,82,100,3.76,VN,1619050906
291,altagracia de orituco,9.664601529,-66.58805392,74.41,75,10,7.47,VE,1619050907
292,shubarshi,48.48184896,57.64666821,43.45,33,100,14.92,KZ,1619050908
293,garowe,7.82770089,48.29986819,77.88,75,67,12.28,SO,1619050815
294,shahr-e kord,32.28049149,50.74165385,44.6,61,20,2.3,IR,1619050911
295,aquiraz,-2.100032643,-36.36607571,82.4,74,20,3.44,BR,1619050912
296,hof,60.78396465,12.41212428,43,79,82,10,DE,1619050913
297,padang,-3.79162954,95.08523728,73.4,100,40,3.44,ID,1619050914
298,kulhudhuffushi,6.830739696,72.03104852,83.5,68,46,6.8,MV,1619050915
299,santiago del estero,-26.5492065,-63.33982441,79.72,62,49,8.84,AR,1619050917
301,zonguldak,43.19113121,31.49293448,43.09,80,78,4.05,TR,1619050919
302,saint-francois,17.40514754,-56.81878275,41,93,0,1.14,FR,1619050920
303,udala,21.55896647,86.58574226,54,82,100,7.72,ES,1619050921
304,pahrump,37.07451382,-116.6911932,73,21,5,11.99,US,1619050646
305,nahavand,34.21988182,48.35416233,60.66,37,65,0.94,IR,1619050923
306,upernavik,78.82118108,-50.488011,11.41,72,100,6.31,GL,1619050925
307,narsaq,81.46631745,-61.33616114,48.2,27,75,31.07,GL,1619050926
308,baykit,63.97703599,95.11161505,21.87,89,51,1.59,RU,1619050927
309,yilan,45.77080608,129.6153066,80.01,99,100,5.28,TW,1619050928
310,praia da vitoria,48.13044181,-22.95740995,64.99,100,75,31.25,PT,1619050929
311,kabare,-3.055673313,28.04626726,59.27,97,100,1.23,CD,1619050931
312,quatre cocos,-17.98479859,66.38569351,78.8,83,40,3.44,MU,1619050932
313,mae sai,20.43961853,99.55387527,75.99,100,2,1.92,TH,1619050933
314,ciro marina,39.29090048,17.73219847,55.4,94,0,5.75,IT,1619050934
316,eyl,6.259900769,50.49265748,82.08,76,64,6.85,SO,1619050936
317,davila,20.17786874,119.365047,80.6,89,75,10.36,PH,1619050938
318,nara,16.51601985,-7.296163983,66,29,0,1.14,JP,1619050881
319,cidreira,-35.20840666,-44.16376707,71.31,59,99,16.78,BR,1619050940
320,piacabucu,-16.2796436,-30.65850142,78.75,87,98,9.01,BR,1619050941
322,finschhafen,-6.518489963,148.2328252,84.11,72,77,4.65,PG,1619050943
323,roma,-26.07422976,149.8843264,32,74,90,9.22,US,1619050882
324,zhezkazgan,46.84489272,66.82263581,37.6,56,0,7.27,KZ,1619050945
325,asosa,10.02759604,33.75185306,69.22,58,95,2.53,ET,1619050802
326,lujan,-33.57345228,-68.93199911,72,78,100,3,AR,1619050948
327,monze,-16.07083445,27.58011746,59.11,69,2,4.38,ZM,1619050949
329,mayo,63.19561626,-133.0324135,46.99,46,1,17.27,US,1619050951
330,obo,5.895997111,26.24968898,69.04,85,100,3.83,CF,1619050952
331,caravelas,-21.15099864,-32.44155517,74.28,89,100,4.09,BR,1619050953
332,roald,72.44954221,0.401988406,37.4,87,90,11.5,NO,1619050955
334,paamiut,64.89030651,-47.13118715,32.88,81,100,5.1,GL,1619050957
335,waingapu,-10.42284998,120.7226819,77.34,76,40,5.1,ID,1619050958
336,saint-augustin,59.24378454,-58.35614779,37.81,79,76,6.46,CA,1619050959
337,aklavik,69.52101426,-141.1846885,26.6,59,75,6.91,CA,1619050960
338,san quintin,20.63503819,-128.3212851,60.64,61,8,14.43,MX,1619050962
340,tateyama,26.40725354,142.8422367,64.4,39,0,10.36,JP,1619050964
341,hofn,62.05691985,-11.99390988,41.07,60,100,4.76,IS,1619050965
342,pemba,-12.62997208,40.2584397,77,88,20,14.97,MZ,1619050966
343,tomohon,1.064821566,124.4553903,84.2,70,20,3.44,ID,1619050967
345,teya,61.16527354,88.8435369,20.1,96,79,0.56,RU,1619050970
346,wairoa,-39.26444023,177.6523295,64.99,68,73,1.01,NZ,1619050971
347,pasni,22.68033496,63.45323591,81.84,56,0,10.38,PK,1619050972
348,miri,6.415599429,110.9075406,80.6,83,20,8.05,MY,1619050973
349,tuy hoa,12.5983768,110.2106992,78.31,88,100,3.65,VN,1619050974
350,plettenberg bay,-53.07666641,24.46845772,65.79,93,99,10.63,ZA,1619050747
351,mananjary,-22.09986192,51.59024117,70.88,91,97,4.79,MG,1619050682
352,sarh,8.506424272,19.04703339,84.2,58,0,6.91,TD,1619050978
353,mahibadhoo,4.128701172,63.12261586,82.58,68,44,7.83,MV,1619050979
354,hami,43.32469807,91.57549916,62.62,32,100,12.15,CN,1619050980
355,sibu,2.552931425,112.1999774,78.8,89,20,3.44,MY,1619050981
356,vanimo,1.138330138,143.2148244,84.24,65,97,1.61,PG,1619050982
357,senno,54.49463587,29.98478265,32,90,100,4.68,RU,1619050984
358,libertador general san martin,-23.17442624,-65.51163593,73.99,93,89,2.33,AR,1619050985
359,samarai,-14.36551568,149.9087995,84.07,72,79,5.44,PG,1619050986
360,chik,55.26443423,82.27430307,24.8,86,0,8.95,RU,1619050987
361,lovozero,67.75635587,35.33908451,31.5,94,100,3.83,RU,1619050988
362,vila,-15.39208649,172.8792069,55,100,75,4.61,PT,1619050990
363,clyde river,69.47992931,-72.78686058,12.2,85,1,10.36,CA,1619050991
364,baturaja,-5.153625991,103.5597927,73.67,94,50,2.15,ID,1619050977
365,baglung,28.83980491,83.01824696,57.81,78,68,7.25,NP,1619050993
366,loandjili,-4.35936362,11.59232294,75.2,94,75,11.5,CG,1619050994
367,nakhon phanom,17.75533866,105.0117375,80.6,83,75,6.91,TH,1619050995
368,vinh,18.69630306,106.0379106,78.48,90,27,1.1,VN,1619050952
369,salalah,17.61259485,50.79061156,78.8,78,0,3.44,OM,1619050739
370,pueblo nuevo,23.87204105,-105.2759292,69.31,18,38,6.91,MX,1619050999
371,naze,26.61867831,130.8730787,73.4,68,40,19.57,JP,1619051000
372,cabinda,-6.295573045,9.653545505,79.65,86,95,1.39,AO,1619051001
373,paracatu,-16.83600083,-46.84869554,67.68,57,7,3.24,BR,1619051002
374,syracuse,36.34920676,17.33158262,60.8,94,40,5.75,IT,1619051003
375,clearlake,39.14192029,-122.4601769,75.99,37,1,3,US,1619050976
376,comodoro rivadavia,-45.90263191,-65.23707708,55.4,67,0,3.44,AR,1619051006
377,phonhong,18.39460004,102.7651953,80.6,100,75,2.3,LA,1619051007
378,elko,39.98514589,-115.059602,60.8,25,1,10.36,US,1619050754
379,trairi,1.565236722,-36.22902147,76.73,81,30,3.11,BR,1619051009
380,dingle,49.44328296,-15.76800019,83.91,68,98,12.86,PH,1619051010
381,shache,38.43877144,77.50648093,56.52,9,25,27.98,CN,1619051011
382,lazaro cardenas,1.698232942,-110.6005091,81.73,47,1,9.35,MX,1619051013
384,montbrison,45.66767368,3.874769467,46.99,93,90,3.44,FR,1619051015
385,quelimane,-20.22992838,37.54419677,73.4,94,75,4.61,MZ,1619051016
386,gbarnga,7.234706997,-10.03306841,73.78,97,100,2.64,LR,1619051017
387,port lincoln,-41.13754672,133.0177461,60.04,65,93,13.94,AU,1619051018
388,duku,11.29657432,10.62905694,81.34,57,100,7.85,NG,1619051020
389,bose,23.27899259,106.7561864,48.99,86,65,3.53,IT,1619051021
390,mangai,-3.663903174,19.06619513,69.58,96,71,2.55,CD,1619051022
391,margherita,26.84419344,96.74170241,73.4,83,75,3.44,IN,1619051023
392,mehamn,87.42019648,29.28096119,35.35,74,97,9.28,NO,1619051024
393,gull lake,50.16576258,-108.462373,59,14,1,20.71,CA,1619051026
394,radece,46.0737504,15.20522625,44.6,81,3,6.91,SI,1619051027
395,olafsvik,63.50624558,-28.31622925,42.01,85,100,8.66,IS,1619051028
396,sakaiminato,38.77988434,133.8170541,62.6,45,75,3.44,JP,1619051029
397,suntar,61.97302566,118.961517,21.97,79,66,4.23,RU,1619051030
398,husavik,71.47730154,-14.67462035,37.4,93,0,8.05,IS,1619051032
399,san ramon,-12.83304942,-65.6261046,70,48,1,16.11,US,1619051033
400,robertsport,6.209134157,-11.98166976,82.18,79,71,6.78,LR,1619051034
401,medeiros neto,-17.41964315,-39.90092306,72.84,88,99,2.59,BR,1619051035
402,vila velha,-28.52391142,-24.01100095,78.01,78,20,8.05,BR,1619051036
404,zhanaozen,42.31838171,54.08899737,57.7,12,82,27,KZ,1619051038
405,rio grande,-35.1426941,-49.31001759,69.01,80,38,1.99,BR,1619050781
407,koslan,63.53655525,48.83522604,39.51,90,100,12.26,RU,1619051042
408,lockport,43.23696647,-78.78530024,44.6,48,1,9.22,US,1619051043
410,sambava,-11.65916318,53.23975585,75.45,87,100,12.26,MG,1619051045
411,nunoa,-14.43271381,-70.85675047,40.46,87,89,5.21,PE,1619051046
412,kavaratti,13.38133194,70.02711699,83.41,66,35,5.53,IN,1619051047
413,yinchuan,38.23500411,106.6274061,58.86,60,32,7.36,CN,1619051049
414,balakhninskiy,57.64430475,115.0522362,17.58,81,37,2.57,RU,1619051050
415,kushiro,39.83542153,145.3563674,37.4,70,75,25.32,JP,1619051051
416,gat,25.07281986,7.57720889,63,78,89,5.75,IL,1619051052
417,sao joao da barra,-33.73900909,-24.10676197,72.07,83,6,17.4,BR,1619051053
418,vardo,89.97811761,36.67866768,37.92,93,87,20.2,NO,1619051055
419,indian head,51.10349222,-104.0099086,46.4,34,20,16.11,US,1619051056
420,kaitangata,-68.20424767,176.6580799,57.99,76,82,4,NZ,1619051057
422,banfora,10.50700424,-4.20604095,82.85,55,81,5.28,BF,1619051059
423,nhulunbuy,-13.85303581,141.3920328,84.2,74,75,6.91,AU,1619051060
425,inuvik,67.61471197,-133.646797,21.2,49,91,18.41,CA,1619051063
426,nauta,-4.334179618,-73.95818202,74.26,95,86,2.82,PE,1619051064
427,maceio,-11.69228248,-33.7823098,77,94,0,4.61,BR,1619051065
428,ankang,32.48468722,109.6192534,61.3,89,85,0.74,CN,1619051066
429,nobres,-14.53853704,-55.98781408,75.43,66,1,3.02,BR,1619051067
430,yeppoon,-19.52170337,153.7615229,77,69,40,2.3,AU,1619051069
431,jagtial,18.90460083,78.88029634,82.65,57,81,4.63,IN,1619051070
432,odweyne,6.803618095,45.98416193,74.01,60,55,1.45,SO,1619051071
433,jaumave,23.2154365,-99.44811316,82,44,75,17.27,MX,1619051072
434,qandala,15.67457886,49.14888325,81.9,72,17,4.54,SO,1619051073
435,arecibo,19.88304532,-66.47204836,81,70,21,3,PR,1619051075
436,altay,47.33586601,89.7196497,26.92,71,55,3.94,CN,1619051076
437,arona,27.7664747,-16.65514586,66.99,72,75,8.05,ES,1619051077
438,aripuana,-7.94539267,-59.89645548,72.91,98,76,1.39,BR,1619051078
439,kodinar,19.72156958,70.44944511,77.16,80,100,7.96,IN,1619051079
440,mackenzie,56.96529582,-123.0954868,39.2,70,90,11.5,CA,1619051081
441,kudahuvadhoo,3.014057817,73.09544057,81.9,69,11,7.54,MV,1619051082
444,bayanday,52.93786295,106.2188042,24.85,55,60,6.6,RU,1619051085
445,sur,13.97443914,63.46001904,85.05,35,0,13.38,OM,1619050992
446,bonavista,52.99683734,-51.044891,33.01,93,62,1.14,CA,1619051087
447,chengde,41.06721692,118.4361016,46.96,76,100,3.69,CN,1619051088
448,sasovo,54.35670657,41.75066996,41.95,93,100,7.02,RU,1619051090
449,nouadhibou,23.18743378,-15.96579823,66.2,77,0,23.02,MR,1619050824
450,nemuro,35.86692704,152.5365056,39.2,70,40,16.11,JP,1619051092
451,letlhakeng,-24.5545053,24.88139842,58.57,52,39,1.72,BW,1619051093
452,malanje,-8.796162867,16.95249273,66.09,83,97,3.69,AO,1619051094
453,lastoursville,-0.216226927,12.88079895,74.82,91,83,1.34,GA,1619051095
454,cuiaba,-15.50447658,-56.12993002,84.2,54,0,2.3,BR,1619051097
455,champerico,8.523691999,-93.5558226,75.2,94,90,4.61,GT,1619051098
456,verkhnevilyuysk,62.84609949,120.157438,17.73,87,93,4,RU,1619051099
457,pandan,15.0291989,124.6937078,82.22,78,95,8.99,PH,1619051100
458,disna,55.08944005,28.73116287,41.25,84,69,6.91,BY,1619051101
459,khandyga,62.08083318,134.2675997,22.69,83,48,2.17,RU,1619051103
460,tuatapere,-58.83752055,157.0001244,55,88,96,1.01,NZ,1619051104
462,sayyan,16.45459967,47.16681644,57.88,30,42,3.8,YE,1619051106
463,cabedelo,-5.445763915,-25.58828749,78.8,89,20,4.61,BR,1619051108
464,eyemouth,55.96087132,-1.309816914,34,86,17,5.75,GB,1619051109
465,tyup,43.01872603,79.29586413,32.5,95,100,5.82,KG,1619051110
466,umm lajj,26.12625088,36.62819026,79.86,66,86,11.14,SA,1619051111
467,grants pass,42.22444301,-124.2501753,75.2,14,1,10.36,US,1619051006
468,sal rei,15.59260737,-20.27088526,69.8,78,75,13.8,CV,1619051113
469,plaster rock,46.77204773,-66.58997153,35.6,87,90,10.36,CA,1619051114
470,olinda,-9.785916592,-24.82924176,80.6,74,75,4.61,BR,1619051116
471,olga,42.87631743,135.0789706,50.92,40,0,7.4,RU,1619051117
472,coihaique,-50.95960819,-83.5715736,42.8,70,20,2.3,CL,1619051118
473,west bay,19.63481405,-82.01510304,82.4,65,20,5.75,KY,1619051119
475,murbad,19.21178355,73.61071176,82.4,78,100,3.44,IN,1619051121
476,sirsi,14.63676948,74.81224446,68.59,95,49,1.54,IN,1619051123
477,kununurra,-19.1143362,127.4417241,84.2,48,14,5.75,AU,1619051124
478,itapecerica,-20.66531926,-45.21324399,61.54,67,2,4.97,BR,1619051125
479,colares,39.48836096,-13.16216384,60.01,92,45,10.98,PT,1619051126
480,san felipe,31.27016399,-114.7368417,71.11,88,34,4.85,VE,1619051128
481,ozernovskiy,50.97363265,157.0584215,37.69,92,67,1.01,RU,1619051129
482,filingue,14.90450154,3.231808489,90.34,10,12,8.32,NE,1619051130
484,arlit,18.61944633,7.735745888,86.47,20,68,7.99,NE,1619051132
485,tigil,60.06685713,157.4206596,37.36,86,92,10.4,RU,1619051133
486,mae sot,16.24583803,98.73352232,80.6,78,75,0.45,TH,1619051135
487,smidovich,48.69377238,133.4631504,57.58,31,0,7.29,RU,1619051046
488,praia,11.92562201,-22.75175168,69.8,78,20,13.8,CV,1619051137
489,zhigansk,71.47147324,120.1545221,8.08,92,99,3.31,RU,1619051138
490,maridi,5.284337716,29.7879604,67.28,97,85,4.38,SS,1619051139
492,acari,-16.95639707,-74.39696939,71.55,82,25,3.15,PE,1619051141
493,belyy yar,62.34278235,84.90343405,26.6,50,0,2.24,RU,1619051143
494,prince rupert,53.20279408,-130.2731603,50,71,1,8.05,CA,1619051144
495,yambio,4.408138195,28.0712415,68.18,96,92,3.67,SS,1619051145
496,saint-joseph,-33.74329944,56.72399222,77,78,90,13.8,RE,1619051146
497,laguna,-46.15953069,-29.01324136,78.01,27,1,11.5,US,1619051147
498,dunedin,-51.39025895,178.4020823,62.01,65,62,8.99,NZ,1619051149
499,aksu,40.93507921,79.63143507,55.72,38,100,1.99,CN,1619051150
500,bathsheba,18.75710071,-45.26587435,78.8,65,75,17.27,BB,1619051151
501,santa cruz,36.84192033,-122.4778377,77,83,40,10.36,BO,1619051099
503,kuytun,54.62047618,101.6210973,25.27,60,99,6.96,RU,1619051154
504,balabac,8.097151475,114.5186345,82.33,74,57,11.18,PH,1619051155
505,geraldton,-31.98341388,100.8331315,68,49,73,14.97,AU,1619051157
506,imbituba,-29.17932954,-42.84724103,71.6,68,75,17.27,BR,1619051158
507,brest,48.34508254,-4.448885074,44.8,84,46,7.43,BY,1619051159
508,faya,18.29797172,21.06386649,62.6,31,0,5.32,SA,1619051160
509,marigot,18.05495881,-63.04052391,79,78,20,13.8,MF,1619051161
510,half moon bay,33.63187192,-129.5045571,61,87,75,8.05,US,1619051028
511,gondanglegi,-13.82986931,112.0189914,76.51,79,24,7.47,ID,1619051164
512,gizo,-9.125289608,157.4122166,85.01,67,49,2.71,SB,1619051165
513,nago,25.84896029,129.7808215,69.8,94,75,21.85,JP,1619051166
514,los llanos de aridane,29.30343435,-21.22830667,66.2,72,75,5.75,ES,1619051167
516,whitehorse,62.09819979,-133.2219929,41,30,1,6.91,CA,1619051008
517,namibe,-11.39379793,6.458541596,80.69,72,15,2.08,AO,1619051170
518,altamira,-3.292675437,-52.11197469,74.34,87,54,2.17,BR,1619051172
519,salym,59.34473054,73.08451586,25.07,86,10,5.26,RU,1619051173
520,saint anthony,52.62948367,-52.48146903,42.8,45,90,11.5,US,1619051174
521,coquimbo,-30.52524755,-79.33545186,59,88,0,4.61,CL,1619051175
523,erenhot,44.26001065,114.3763219,57.06,67,100,9.15,CN,1619051177
524,nelson bay,-35.83844958,156.0896291,63,51,20,17.27,AU,1619051179
525,klyuchi,55.8036429,161.0062611,29.16,86,54,12.46,RU,1619051180
526,steenwijk,52.82446213,6.076632021,41,78,63,6.69,NL,1619051181
527,bokoro,12.23129941,16.42709842,84.92,21,57,2.13,TD,1619051182
528,bystryy istok,52.68333126,84.16131004,27.18,75,99,5.95,RU,1619051184
529,lubango,-15.73013704,13.20819565,64.02,45,96,3.31,AO,1619051185
531,northam,-28.12691395,120.080317,45,76,13,4,GB,1619051187
532,boffa,9.971751968,-14.49062843,77.79,72,67,2.93,GN,1619051188
533,bintulu,3.940371763,112.5883297,78.8,89,20,3.44,MY,1619051189
534,wakkanai,45.0212075,140.7299033,37.4,87,75,16.11,JP,1619051191
535,san vicente,19.29017612,126.3004833,60.93,58,0,2.75,AR,1619051192
536,taltal,-24.71148631,-78.08473369,65.95,70,52,2.15,CL,1619051193
537,vallenar,-28.74464994,-69.94814298,64.92,52,82,1.97,CL,1619051194
538,stromness,60.37056121,-4.542405031,39.2,81,75,4.61,GB,1619051195
539,yar-sale,72.50823294,72.14534371,33.84,90,100,12.82,RU,1619051197
540,aurillac,44.78549126,2.254030681,44.6,87,0,6.91,FR,1619051198
541,bowen,-18.6221011,149.7087645,73.31,87,99,6.42,AU,1619050923
542,kurilsk,46.33448633,146.9651375,33.55,87,82,14.76,RU,1619051200
543,abha,18.92264049,41.6001282,62.6,31,0,3.29,SA,1619051201
544,bairnsdale,-36.89100916,147.4777489,62.01,52,70,3,AU,1619051202
545,malpe,13.10596455,73.05532292,80.6,78,40,4.61,IN,1619051204
546,lebork,54.64679095,17.59361819,39.99,75,0,12.66,PL,1619051205
547,achutupo,9.391495771,-77.78214331,79.36,79,72,7.54,PA,1619051206
549,donskoye,55.99373295,19.37534206,48.2,76,0,1.54,RU,1619051208
550,puerto cabezas,13.78291909,-82.92513843,84.2,74,75,6.91,NI,1619051209
551,sepolno krajenskie,53.42936549,17.59493079,41,70,76,12.06,PL,1619051211
552,mitu,2.113693275,-70.55508194,72.82,94,44,1.9,CO,1619051212
553,mount gambier,-52.92979117,128.7604179,53.6,94,75,8.05,AU,1619050988
554,wanning,18.49239386,110.7354306,79.3,78,43,5.77,CN,1619051214
555,mildura,-33.58786668,142.7006853,60.8,55,90,9.22,AU,1619051215
556,krasnyy chikoy,49.36936591,108.5824026,30.22,44,55,4.85,RU,1619051216
557,kuruman,-26.43371758,23.4410562,58.59,44,92,5.7,ZA,1619051218
558,sinegorye,62.25848052,150.8098682,30.97,86,85,4.52,RU,1619051219
559,arcachon,45.01396361,-2.553470233,55.4,87,0,2.3,FR,1619051220
560,necochea,-49.48604817,-53.5775757,66.99,81,24,18.01,AR,1619051221
561,batagay,68.28866131,134.8899358,16.2,88,100,2.77,RU,1619051222
562,coahuayana,14.75833395,-104.8268282,80.6,29,1,11.5,MX,1619051224
563,vydrino,51.04962769,104.4888279,28.24,71,100,2.19,RU,1619051225
564,roznava,48.68149804,20.42384743,46.99,93,0,2.3,SK,1619051226
565,monterey,35.15870294,-122.883845,61,71,90,12.66,US,1619051227
567,buraydah,25.83932599,44.93582178,71.6,33,0,2.3,SA,1619051229
568,townsville,-19.54175264,146.4661237,77,88,75,10.36,AU,1619051231
569,biak,0.130806626,136.4389189,79.93,78,71,4.41,ID,1619051232
570,sakakah,30.56204824,42.9204381,82.4,15,0,12.66,SA,1619051233
571,portland,-43.14053689,139.5680082,77,20,20,9.22,US,1619050756
572,nisia floresta,-5.324444211,-31.9894979,82.4,78,40,8.05,BR,1619051235
573,srandakan,-9.528090765,109.5169956,76.21,81,24,4.09,ID,1619051236
574,rio gallegos,-49.85420268,-66.07548993,37.4,56,0,6.91,AR,1619051176
575,oyek,52.45873173,104.7785605,23,93,0,4.47,RU,1619051239
576,tianpeng,31.69429139,103.8418675,64.4,94,96,3.29,CN,1619051240
577,khanpur,28.72949673,70.73956912,77.95,33,1,8.57,PK,1619051241
578,norsup,-15.51043167,168.251201,85.48,69,27,9.33,VU,1619051242
579,barranca,-2.88590762,-75.80944256,68.27,84,13,7,PE,1619051243
580,basco,20.33992218,125.1649268,78.33,86,100,33.73,PH,1619051245
581,katsuura,24.95290939,147.3864616,68,45,0,4.61,JP,1619051246
582,tahara,34.64422773,137.3577231,66.99,36,0,16.11,JP,1619051247
584,polohy,47.53204659,36.17912659,44.37,92,38,6.98,UA,1619051249
585,lashio,22.069047,97.86061231,67.64,38,0,1.01,MM,1619051250
586,college,73.86811961,-146.2587426,46.99,23,1,3.44,US,1619051252
587,sistranda,66.01332752,8.796366117,35.6,87,75,3.44,NO,1619051253
588,jiuquan,39.0017153,99.24796511,61.09,20,100,1.81,CN,1619051254
589,ishigaki,21.43162057,125.9434582,75.2,94,75,16.11,JP,1619051255
590,basar,27.84994169,94.43508378,73.4,83,75,3.44,IN,1619051257
591,santa cruz de la palma,30.51674654,-17.09649047,66.2,72,75,5.75,ES,1619051258
592,hue,16.9765793,107.8716578,80.6,89,40,4.61,VN,1619051259
593,soledade,-28.65213875,-52.35042766,58.86,87,5,6.22,BR,1619051260
594,stirling,44.36596326,-77.50158783,41,80,29,1.99,GB,1619051261
595,batemans bay,-38.32566274,151.756148,62.01,49,21,3.47,AU,1619051263
596,williams lake,52.66479718,-121.9318772,60.8,21,40,17.27,CA,1619051264
597,saurimo,-9.26242871,20.95658619,68.58,83,100,3.2,AO,1619051265
599,havre-saint-pierre,49.19619446,-62.98770429,39.2,70,90,2.3,CA,1619051267
600,te anau,-41.9977324,163.5798015,54.68,83,95,4.68,NZ,1619051268
602,agadir,31.38804385,-9.89299007,62.6,77,40,3.44,MA,1619051146
603,whyalla,-32.635007,136.7423806,62.6,67,40,9.22,AU,1619051272
604,dibulla,12.16763285,-73.72409526,79.66,80,90,2.98,CO,1619051273
605,jasper,52.45972828,-117.523016,50,40,1,12.66,US,1619051274
606,skwierzyna,52.66920107,15.4598862,42.01,62,88,3,PL,1619051275
607,shirgaon,19.61022876,72.53291144,80.01,70,100,7.05,IN,1619051276
608,chimbote,-9.135501144,-78.94183378,68.04,87,8,8.39,PE,1619051092
609,bengkulu,-19.2672659,89.63989966,76.19,88,75,3.36,ID,1619051279
610,bereda,11.6660676,52.01048674,51.01,100,100,1.01,ES,1619051280
611,isangel,-20.63747545,174.2822044,84.2,84,75,5.75,VU,1619051281
612,chebsara,59.42596305,39.13494618,35.55,94,100,9.13,RU,1619051282
613,carballo,46.54439357,-10.41833267,53.01,94,100,1.01,ES,1619051283
614,adrar,25.51177377,1.500833683,79.74,9,27,11.9,MR,1619051285
615,sandwick,58.95413324,-1.603012561,42.8,70,90,12.66,GB,1619051286
616,salinopolis,7.220972095,-43.82230492,78.53,85,98,5.5,BR,1619051287
617,helena,46.72632483,-111.9979877,57.2,19,1,8.05,US,1619051229
618,oildale,35.60256914,-118.9042065,78.01,31,1,9.22,US,1619051289
619,djambala,-2.450153587,15.36814783,69.17,87,86,2.91,CG,1619051290
620,bumba,2.005435819,22.3469064,71.37,85,89,3.36,CD,1619051292
621,launceston,-41.88926141,146.6925014,57,58,40,17.27,AU,1619051293
622,nueva gerona,21.99384955,-82.38894525,81.21,67,34,4.03,CU,1619051294
623,warin chamrap,15.14865395,104.7091487,86,89,40,4.61,TH,1619051295
624,kieta,1.417774878,159.4812072,85.06,68,84,3.15,PG,1619051296
625,tigzirt,37.40764353,4.423700723,58.75,73,95,5.61,DZ,1619051298
626,mango,10.36718021,0.048046166,75,53,1,8.43,US,1619051299
