,City,Latitude,Longitude,Temperature,Humidity,Cloudiness,Wind Speed
0,rikitea,-40.891140982319456,-133.30607391449325,298.76,72,4,4.15
1,punta arenas,-76.0462356390312,-112.17141376342249,279.98,65,0,10.29
2,nemuro,33.4159217529145,154.04423338154936,289.15,39,0,6.17
3,provideniya,58.78282803881865,-172.01002759612388,273.15,59,0,8
4,elizabeth city,35.213840236390695,-75.40943937853633,283.62,87,20,3.6
5,lolua,-6.830909401671363,170.8963243794625,NaN,NaN,NaN,NaN
6,richards bay,-30.742172733654215,33.54245716993566,295.21,78,96,8.83
7,waghai,20.870548149143985,73.58315132957748,298.34,68,95,1.62
8,kodiak,58.80340211933802,-152.20669889646496,279.15,87,90,10.29
9,puerto ayora,-7.67793689588683,-111.23453770064894,297.04,98,30,2.13
10,katsuura,20.033077357877985,150.49018127266908,290.6,55,20,3.6
11,ushuaia,-67.72359378798576,-75.29025764000936,279.15,81,40,3.09
12,butaritari,2.9960592541664113,172.69418030403074,301.58,75,100,5.14
13,predivinsk,56.94103625485661,93.83313266672025,263.91,76,100,4.83
14,joshimath,30.515676210564834,79.66846081275366,282.85,29,98,4.11
15,alta floresta,-7.526567519257952,-55.48836143640037,294.58,96,20,1.01
16,kruisfontein,-40.0908657225431,25.40706091345129,288.71,84,100,1.34
17,pacific grove,32.044759674437344,-128.86901183681132,286.43,63,40,4.12
18,lebu,-28.43557566825166,-91.89564104665602,287.64,95,100,4.62
19,lemesos,33.392432358284125,33.13891959285772,NaN,NaN,NaN,NaN
20,taseyevo,57.5324158443492,94.29033609160729,264.29,76,100,5.45
21,acari,-16.198147623543292,-74.8693320280387,295.07,82,18,1.8
22,vaini,-44.42187949571674,-172.76859300575745,302.15,70,75,5.14
23,ilulissat,79.83381446517606,-45.85480550851648,260.15,61,95,2.57
24,ribeira grande,38.65268201806296,-32.23162197068518,290.13,92,100,8.67
25,manzhouli,47.79595125573414,117.44512816606334,280.64,21,84,8.25
26,axim,2.874173251060725,-3.2904044119689217,299.89,83,100,2.04
27,carnarvon,-23.358416829847243,106.19131964160135,297.61,45,0,9.65
28,saint-philippe,-60.569278493591106,73.99415127855286,294.46,88,90,1.03
29,poum,-20.190491384877745,162.76491891110334,299.38,80,9,7.88
30,raudeberg,63.370327869033105,3.4172597732666077,284.15,54,90,5.66
31,illoqqortoormiut,79.31923564703268,-26.620144602883954,NaN,NaN,NaN,NaN
32,port alfred,-84.64378371499828,39.32988245760137,291.31,72,100,5.96
33,port elizabeth,-62.78249958567204,28.132341724711893,290.15,72,90,6.17
34,general salgado,-20.732616360926286,-50.32519296028775,293.15,60,0,3.77
35,zyryanka,64.33785980661477,150.79899714679328,273.86,97,100,4.51
36,dingle,54.7881125516808,-15.913029720933878,302.43,66,100,4.28
37,la oroya,-11.617706015417141,-75.85860381374448,279.96,91,57,1.93
38,taolanaro,-79.06194267757368,60.78558020827825,NaN,NaN,NaN,NaN
39,douentza,15.40957529637177,-3.551250580441547,302.83,15,0,2.65
40,kathu,7.888668797340401,98.18454481013441,300.45,94,75,1.03
41,manokwari,-0.08049748456541295,133.47712533582938,299.57,76,100,1.43
42,maridi,4.932482816312927,29.779075418632743,295.04,68,100,2.03
43,hithadhoo,-13.798380793159112,75.69575789892596,301.2,64,100,2.01
44,busselton,-48.10707030499402,100.2700783508476,286.78,95,89,0.45
45,beyneu,46.50060933954447,56.643321385411866,287.77,64,100,3.75
46,tasiilaq,79.81539156000147,-35.32446075460351,270.15,63,79,4.63
47,gamba,-5.188544313918058,5.321811452504079,297.1,92,100,4.13
48,atuona,8.90852008395575,-133.66740584871093,300.22,72,14,8.29
49,saint-augustin,55.84377630893451,-58.52862003925567,277.46,80,97,7.54
50,tiksi,74.63459249615525,132.33017176386358,257.79,96,94,1.42
51,hilo,21.79158070328637,-142.51847988648905,297.62,57,20,10.29
52,nyrob,61.85816045576291,57.23334653453048,269.48,84,98,1.17
53,mys shmidta,69.28152818375119,-177.908646714161,NaN,NaN,NaN,NaN
54,pocone,-15.875606189537109,-57.072366301419066,298.24,71,99,0.69
55,belushya guba,70.84078958702528,50.94231938182773,NaN,NaN,NaN,NaN
56,cabo san lucas,5.205873436066682,-118.54312300408958,296.67,73,75,3.09
57,deputatskiy,70.57994212082565,141.5895875131411,263.63,89,100,1.68
58,barentsburg,87.00949795459977,7.196005442055736,NaN,NaN,NaN,NaN
59,avarua,-40.396223561580044,-159.57975376200483,301.15,69,40,4.12
60,mataura,-52.21624888235751,-145.88484795532662,292.04,58,0,2.68
61,souillac,-63.654285725904955,77.75049082513465,299.15,89,75,3.09
62,novyye burasy,52.37904817791792,46.01114408228193,276.81,73,100,3.58
63,hobart,-68.45356912472887,142.8983265441422,282.81,76,75,5.14
64,parsabad,39.81165775152266,47.57354634442228,289.15,82,0,4.12
65,barrow,73.80099439683704,-162.23091136711594,269.15,74,90,10.29
66,cape town,-41.64624391868102,13.345559400605168,289.26,77,0,4.12
67,upernavik,82.5327581958548,-45.88555627704662,254.35,78,44,2.93
68,veraval,18.369689919712513,68.93431157052638,299.02,84,96,5.34
69,batagay-alyta,69.86606600255814,130.4491351978424,262.38,88,100,2.75
70,vila franca do campo,40.96269069467198,-19.22023418541363,290.15,88,20,4.12
71,san patricio,8.41097299434108,-115.35020856219523,292.07,63,75,4.63
72,acandi,8.560597609778767,-77.36442048048386,298.38,90,100,1.74
73,dzaoudzi,-11.41366512709395,46.539656964867675,298.15,88,100,2.57
74,thompson,63.12301598259168,-89.23953714372603,269.15,68,90,3.09
75,sistranda,68.94615281246519,6.013400947143509,282.15,57,0,5.66
76,leh,35.19731056689548,77.07700959539767,270.15,43,100,1.08
77,kavieng,5.002844046266091,153.337125534616,302.59,70,100,3.81
78,talnakh,79.29799063397257,89.51846374523427,253.27,95,45,1.65
79,kapaa,33.5705200801623,-169.56222311498226,300.24,69,1,3.09
80,nizhneyansk,83.22157033221652,135.34641387787718,NaN,NaN,NaN,NaN
81,yellowknife,67.89172704626407,-107.1696476516223,273.85,64,40,4.12
82,matara,-3.7426343075821507,83.32784827768057,298.36,88,89,2.39
83,port hardy,44.23623991312803,-138.0918749353133,284.6,71,75,4.63
84,buraydah,27.15094753308115,45.471865857879294,294.15,40,0,2.06
85,dolores,-36.27550294373565,-58.01886292407619,289.21,91,1,3.6
86,negara,-8.362655717637267,114.52953955761899,300.36,67,93,1.78
87,iqaluit,64.80412872972744,-69.76766265594969,265.03,86,20,1.03
88,sari,36.41827576958734,53.20474300166313,289.71,62,27,2.45
89,itacoatiara,-3.032827114067814,-58.698536850869814,296.61,93,100,0.85
90,sarkand,46.16578726635359,79.54971864581978,284.53,54,100,1.3
91,hinundayan,10.372002587481674,125.27406158909844,301.76,75,100,7.61
92,necochea,-38.5248102933975,-58.53778738541294,291.48,80,6,4.47
93,cuamba,-14.554246197182366,37.13107361410027,290.06,95,48,1.8
94,toliary,-23.348742439534306,44.03116959015952,NaN,NaN,NaN,NaN
95,pevek,81.00670646793861,168.26287666342853,271.19,69,25,5.58
96,victoria,-7.578571317596641,59.93201890428824,293.88,76,65,0.89
97,sentyabrskiy,36.49571090982079,154.36864662814435,NaN,NaN,NaN,NaN
98,saskylakh,74.73353448557981,118.42093066936042,256.01,89,50,1.21
99,nikolayevka,53.068676210048125,46.97063967248329,277.31,68,100,6.89
100,mae hong son,19.625397357430728,97.84666054401856,296.15,88,20,0.76
101,bethel,41.9741933648026,-168.18238679871843,284.49,54,40,0.91
102,north bend,42.7962227246544,-129.7396143489593,287.02,77,100,3.94
103,amderma,72.34918699568658,64.17361287357531,NaN,NaN,NaN,NaN
104,hermanus,-59.38040786779348,13.26142920460552,289.26,74,39,7.15
105,toul,48.91725331483872,5.796294328037874,278.48,87,0,2.57
106,husavik,66.07360159046172,-17.2005761277438,274.15,64,75,5.14
107,cap malheureux,-14.667177753447689,58.20358780513885,297.59,87,23,1.34
108,marv dasht,30.464441178559355,52.39753273137288,NaN,NaN,NaN,NaN
109,thunder bay,50.48962516827606,-89.51151498564768,273.15,64,75,3.6
110,nova granada,-20.25558772119392,-49.276463458441754,295.15,60,0,2.57
111,hailar,48.808033290419814,119.91614058252048,278.72,35,7,5.35
112,huamuxtitlan,17.859866979599104,-98.62945505876597,301.38,20,5,2.85
113,abdulino,53.38054917787264,53.372430549927884,272.33,48,0,5.31
114,chokurdakh,89.31447914621188,147.39439832108258,265.78,86,100,7.03
115,hamilton,45.2881989566209,-114.31598094882187,289,39,20,4.12
116,savona,44.01455237553455,8.68474299689558,281.24,99,23,0.81
117,albany,-57.170937089727765,105.93339869298529,282.23,66,86,1.92
118,jamestown,-34.53972330025826,-13.107230542088644,284.51,47,90,3.6
119,nautla,22.053390956785535,-94.38361548525098,295.04,78,84,2.22
120,skalistyy,70.8351086322862,33.08666595380416,NaN,NaN,NaN,NaN
121,gijon,43.78056043120034,-5.568696079469163,284.39,80,100,1.42
122,luderitz,-29.112462582632467,5.51821661075212,294.04,63,35,2.65
123,korla,34.87825190665585,86.35613593471669,289.05,41,96,5.59
124,vilya,55.249595756730656,42.19066756215406,275.46,62,100,4.56
125,lata,-9.185847927610226,166.05417603175044,286.47,83,65,1.79
126,merced,37.53407064093058,-120.27751515692447,302.79,20,1,5.14
127,buala,-3.5827591568987884,162.00704310436316,303.49,69,80,3.75
128,attawapiskat,61.2253276622277,-83.02173347089071,NaN,NaN,NaN,NaN
129,new norfolk,-88.28576128429117,125.66037092076584,281.84,70,100,0.89
130,esperance,-28.486459543955952,122.57797141750291,288.15,100,75,5.14
131,canitas,23.77878187538205,-102.62115385623203,NaN,NaN,NaN,NaN
132,kaitangata,-50.54395156489666,171.86269695116857,289.82,57,0,0.89
133,craig,40.72148020404009,-107.48845892195034,275.53,69,90,5.14
134,zhuzhou,27.22666508985128,113.23720887648994,292.15,88,100,1
135,dikson,88.3255039775947,87.2799392498215,253.59,94,10,2.65
136,burica,6.116168560282148,-82.93751614848132,NaN,NaN,NaN,NaN
137,castro,-47.189484654549446,-91.9938778943899,285.98,95,1,2.29
138,sambava,-13.617052188992147,54.15834573992518,296.25,87,100,4.96
139,prelouc,50.076452281298174,15.51927522823658,278.19,93,9,2.06
140,khatanga,85.83513574721377,108.09642392974018,254.87,92,41,1.61
141,los llanos de aridane,26.367263765947882,-25.76222241398591,289.07,72,0,5.66
142,arraial do cabo,-30.494804015339376,-36.60166601554863,296.15,88,0,12.35
143,nikolskoye,32.41031145869657,173.81135590062553,275.68,64,0,3
144,portland,-46.85388241903675,138.1386044617986,293.62,26,90,5.66
145,bluff,-55.20869164693389,170.41114163586946,292.04,58,0,2.68
146,samarai,-8.69188475813749,152.853193554958,301.79,74,100,4.68
147,ondjiva,-15.99332489569764,15.892767591053428,289.94,51,0,3.07
148,arecibo,18.526158245188185,-66.6978139916091,298.04,71,100,0.89
149,ongandjera,-17.286947637329746,14.534494597568084,293.24,34,0,4.13
150,alenquer,-1.4482083145516356,-55.0657120777886,298.15,94,40,3.09
151,grand river south east,-23.57599064867037,80.41527317831327,NaN,NaN,NaN,NaN
152,ailigandi,10.47030088300896,-77.4525721393605,299.8,85,100,1.74
153,mombetsu,44.53849137024153,142.96142441147714,291.15,32,40,7.72
154,airai,14.845621262386544,144.44393808082515,293.31,59,100,0.73
155,virginia beach,37.02600965356325,-75.34890289849558,283.86,82,40,2.57
156,tabas,33.78146169573603,58.19235941584023,293.96,26,7,1.68
157,tura,65.02733229076125,102.23895728671147,296.23,82,19,2.92
158,magadi,-2.109563476757799,35.8144406217055,296.7,94,40,2.06
159,aksu,41.18581533599178,81.42427284899622,286.52,51,9,1.78
160,east london,-36.50775467354389,31.328094910770687,291.43,72,100,3.48
161,fonte boa,-2.264282615302207,-65.96732932043759,295.48,98,99,0.62
162,otjimbingwe,-23.358458803467883,15.962167922424271,293.75,35,0,3.8
163,georgetown,-5.019589159817656,-21.203504507494074,299,94,20,2.86
164,narrabri,-30.581492705233494,149.34424555324932,294.49,30,18,2.06
165,paita,-6.229252464332319,-83.64989273015959,294.76,79,9,4.84
166,wilmington,32.677810822350025,-77.06632107271669,289.53,51,1,3.09
167,bhairab bazar,23.985950524627725,90.99780108776832,300.15,83,75,1.54
168,qaqortoq,61.92835111751654,-46.68788291924221,275.15,51,75,1.54
169,severo-kurilsk,44.96225544339316,155.25615565960624,276.25,93,64,7.69
170,sisimiut,65.89718110338879,-54.32215100401989,267.2,78,99,2.37
171,akyab,17.702920264420385,90.6055052795046,299.77,77,0,0.71
172,dicabisagan,16.15414888520216,123.64381873063667,297.72,92,100,7.53
173,beringovskiy,51.02017251781703,178.56847816259904,271.65,79,6,3.87
174,russell,-26.635840336896017,179.87381692811266,290.44,59,1,1.91
175,nanortalik,55.81578945377919,-48.51693391837489,273.49,76,100,3.39
176,ixtapa,8.853612019879336,-105.73309340985983,298.93,65,1,5.14
177,qui nhon,14.196211667425118,108.94422524290184,299.44,74,100,1.17
178,hirara,19.433250342263904,129.20398939381215,296.56,60,40,7.2
179,sotik,-0.5577668075904967,34.95116123403105,285.32,97,100,1.38
180,weligama,2.8523149316631873,79.95466601729169,298.69,86,84,2.17
181,rawson,-50.3069447267985,-54.9775835845774,295.49,48,49,2.93
182,ahmadpur east,28.675920920619745,71.28881190262555,298.53,40,94,5.65
183,amahai,-4.928156151543206,129.5526175676323,300.9,75,96,0.58
184,vostok,53.923118733205,150.64010977103123,273.32,37,18,8.71
185,anito,13.365421663159154,126.35819383281648,299.84,77,100,7.28
186,jiexiu,38.15952660484885,110.62309963070066,292.19,41,100,1.7
187,elko,41.42173272657868,-116.5893627565136,289.55,15,1,5.14
188,araouane,18.189996498449872,-3.3671826053344773,299.2,10,12,4.68
189,saskatoon,51.74272197405591,-106.45679356846156,275.56,56,75,6.17
190,fortuna,40.0423288776293,-134.86008472512958,286.03,76,1,5.66
191,rio pardo de minas,-15.384220385857773,-42.38881431403942,292.13,95,100,0.41
192,tiszaluc,47.984338850044736,21.113038312305264,280.63,92,100,0.97
193,kachug,54.75564720162748,106.0227110223023,270.8,63,100,1.68
194,mar del plata,-39.329026259285804,-55.40824524002788,291.76,88,0,3.09
195,sola,-12.621718658357409,173.286643011404,304.15,74,75,4.52
196,lorengau,0.5453485959919249,145.56446654038825,302.76,70,100,3.76
197,camacha,35.27009478800338,-16.309855045006316,291.15,82,40,3.6
198,bafata,12.084429568836384,-14.71769314685477,299.42,63,49,3.05
199,port lincoln,-40.339015921126396,129.28373711608504,288,68,100,8.54
200,nelson bay,-38.16182192651437,159.9234191037371,294.08,49,0,5.66
201,pincher creek,49.8181931498666,-113.97186128772978,275.14,69,90,4.63
202,tuatapere,-49.73434082481337,161.56209788463474,292.04,58,3,2.68
203,taungdwingyi,19.78590757884608,95.83771454547644,301.78,51,0,3.5
204,duluth,47.36021860703289,-91.65637496996806,276.03,35,75,6.17
205,te anau,-41.859235336346174,159.41822593100773,289.47,57,9,2.56
206,ormara,23.313932881306414,65.43672303515586,299.91,54,0,7.01
207,mahebourg,-47.61399587396013,76.1733952271922,299.15,89,75,3.09
208,tuktoyaktuk,86.48045408243738,-131.20962563381568,271.15,80,20,2.06
209,bilma,20.869780319588415,13.607226208873527,302.84,8,4,3.56
210,taoudenni,21.616333168520356,-5.982834572751614,299.6,11,0,4.85
211,ostersund,64.01577450098304,14.865504667309722,280.15,45,95,4.63
212,utete,-8.064852515372323,38.40504595589891,294.49,98,100,2.12
213,sao filipe,5.938404232895465,-29.07626534575971,296.12,73,100,4.7
214,conceicao do araguaia,-7.776103435037754,-49.78552638847563,298.15,83,0,1.54
215,hami,44.989003613048595,95.1863640077575,289.76,26,100,2.46
216,iskateley,69.5334100871597,54.008585336062794,269.59,93,29,4.96
217,peniche,41.075821429877834,-17.077955499217865,287.79,85,14,1.79
218,mergui,12.071807494992512,96.44649009535038,NaN,NaN,NaN,NaN
219,salalah,15.582594611324339,53.278372795781365,300.15,74,0,2.06
220,saleaula,1.4367354395091496,-172.83493387687258,NaN,NaN,NaN,NaN
221,yanan,36.89422109659432,108.65353529264172,NaN,NaN,NaN,NaN
222,isangel,-17.549545363047585,177.62845748115024,304.15,74,20,2.57
223,palabuhanratu,-12.43977456293193,103.55125729530965,NaN,NaN,NaN,NaN
224,belluno,46.3344623703897,12.04456074296067,277.44,82,93,0.89
225,aksaray,38.478334874098124,33.9974180298633,294.15,28,75,5.66
226,miraflores,0.6984113630704769,-72.51436938863876,298.36,11,40,6.17
227,cayenne,11.822426757595636,-43.047637573362096,297.4,100,90,1.54
228,kiama,-35.114298816349866,151.49574147280862,293.97,53,38,3.13
229,northam,-28.311796411793296,118.39559270265886,279.83,85,100,0.89
230,lamu,-4.20454926356615,42.48674753003476,299.68,81,100,6.1
231,griffith,-31.318593608606008,145.207230152767,278.33,87,90,4.12
232,sao joao da barra,-33.72520353371328,-25.223966572524603,295.37,87,91,2.96
233,destin,29.897019011915916,-86.40970958848087,293.94,56,1,2.57
234,hasaki,30.929371236534337,156.50951576937172,291.71,52,20,2.06
235,burnie,-45.434910869156525,140.7919349552639,285.25,84,100,3.13
236,stavern,58.41220968894339,10.372689312283057,278.92,52,7,1.03
237,komsomolskiy,68.0677995452406,172.4824866292259,286.15,62,100,3.09
238,qaanaaq,79.33600386761404,-92.42749112900442,255.07,77,99,3.25
239,coahuayana,9.491870143090154,-108.09878818731843,298.15,36,1,5.14
240,neyvo-shaytanskiy,58.16656958992212,61.16539172303504,270.37,58,16,2.29
241,muisne,2.8130457189244282,-82.65538649812906,298.34,86,100,2.69
242,jumla,33.62328379615492,84.86829563146637,281.8,39,0,1.89
243,miri,4.94002698247327,113.19230295552683,300.15,83,20,1.03
244,krasnaya gora,53.19336150636357,31.34621092851569,278.92,93,75,5
245,soure,1.0177252300032364,-48.6533740562096,298.75,80,100,3.1
246,aljezur,36.62137676962162,-12.091360654812178,287.63,93,27,3.94
247,cumaribo,4.821813114300781,-70.17940629161336,NaN,NaN,NaN,NaN
248,batticaloa,8.311198378599101,82.78861597082727,300.23,74,100,0.23
249,arman,59.25193467996726,149.3545172921286,274.73,91,100,9.73
250,brae,63.19966960218065,-0.37978567053494316,281.15,81,0,5.66
251,oytal,42.467746212002254,73.53311603019989,286.65,42,100,2.49
252,labuhan,-17.28719166426785,96.94231099440566,299.82,74,76,2.53
253,shestakovo,56.098153375090334,104.03225465881445,266.86,65,97,6.33
254,vardo,74.91154527737214,33.585625701687746,276.45,76,0,4.24
255,san pedro,-17.400174699128385,-59.794798300562604,302.45,65,75,3.09
256,mehamn,84.88731686785832,29.057935522637734,275.2,69,61,3.99
257,bredasdorp,-68.21638979532096,22.61053341623355,287.15,77,40,5.14
258,regeneracao,-6.14536555849385,-42.733003666310424,294.57,97,100,0.43
259,lagoa,44.02288072936048,-28.134579226981316,289.59,85,100,4.99
260,labutta,14.427973141565516,94.09930827381419,NaN,NaN,NaN,NaN
261,opuwo,-20.578814003833756,6.860874618311243,292.42,35,1,3.51
262,mahina,-15.265211874146019,-149.21102658447427,302.1,65,75,4.12
263,youkounkoun,12.89772504382978,-12.54656297285348,303.28,42,43,4.32
264,marzuq,24.652375818589533,17.621656245815217,294.52,56,100,0.49
265,codrington,27.789080953997,-46.93064852427537,285.08,70,100,7.12
266,umzimvubu,-35.16221502284315,31.808693995649463,NaN,NaN,NaN,NaN
267,clearwater,28.126801705686546,-84.88717916351051,294.12,73,40,4.01
268,idrinskoye,54.349696891108806,92.23864142393126,266.72,62,62,2.87
269,ilongero,-4.7198015389057275,34.99375568665795,287.82,93,100,3.66
270,mercedes,-28.693629769750515,-57.51041461310507,291.67,70,0,1.79
271,malwan,14.513458168293496,70.45118267664515,NaN,NaN,NaN,NaN
272,rosenberg,29.31442040350423,-95.8402899633282,277.23,91,100,0.95
273,lavrentiya,78.00080168334856,-170.18847107382257,272.68,75,2,2.47
274,mrirt,33.358653389498215,-5.304303555654201,NaN,NaN,NaN,NaN
275,betare oya,6.050023054047472,13.592784827730128,295.39,79,100,0.79
276,koungou,-8.981793350070262,47.46564386361979,298.15,88,100,2.57
277,garbolovo,60.916237758241294,30.774913814617094,275.96,71,100,1.55
278,iroquois falls,49.08403864243871,-80.20031148429139,278.15,93,90,3.09
279,bairiki,0.9132950128415018,170.4889550439404,304.15,70,75,4.12
280,faanui,-5.08740135759264,-150.99515698541117,301.29,71,1,5.18
281,kota kinabalu,6.3388441549129055,115.37666247636804,301.6,70,20,4.12
282,jibuti,11.721910623751612,43.47303972882014,301.15,74,1,3.19
283,kupang,-13.321932322111053,124.64903413081049,300.21,68,17,1.92
284,nehoiu,45.451049128644684,26.26747330133469,274.48,87,100,1.52
285,buqayq,26.524319809496873,48.653043551182776,NaN,NaN,NaN,NaN
286,werda,-25.461955422606707,23.606127989796732,290.38,33,0,0.96
287,temerloh,3.330744864220975,102.59991167256135,298.43,89,59,0.93
288,ruatoria,-36.11696007460713,179.48724215474482,NaN,NaN,NaN,NaN
289,luebo,-5.699714073427174,20.81972725189479,294.16,99,100,0.54
290,bambous virieux,-28.986552385207062,68.33630327653572,298.41,89,75,3.09
291,kikwit,-5.680301594871324,18.820610844315894,294.76,97,100,0.61
292,high level,58.99927130342428,-118.60825401371403,280.15,39,1,4.63
293,skorodnoye,51.10558357905197,37.21659256349304,280.15,93,75,3
294,norman wells,60.40005524730395,-127.64699077753372,285.15,32,20,2.06
295,mirnyy,62.86310885897515,114.20420681596988,266.45,81,100,6.45
296,maghama,17.099809424006565,-12.06756761134659,NaN,NaN,NaN,NaN
297,padang,-2.958372317597508,94.38271423737967,297.15,94,20,1.03
298,tauranga,-37.73119915115701,175.98100139010285,290.94,81,100,2.24
299,barbar,18.9251926145631,34.136950677905446,NaN,NaN,NaN,NaN
300,gabu,11.688322683781891,-13.929208403756775,299.72,52,6,3.26
301,shizunai,41.813486653602354,143.01848407544594,282.19,84,18,4.44
302,gonbad-e qabus,37.786967174987865,54.504549765652,285.15,87,0,2.06
303,paamiut,60.308924058605925,-52.83471055245724,272.33,86,100,2.96
304,rio grande,-36.89720793098768,-46.96392168630439,292.59,88,0,6.29
305,margate,-36.32976679900318,36.927751026017035,278.94,86,6,0.89
306,bukachacha,54.11460530066179,116.34289167934202,277.68,18,100,3.54
307,pangnirtung,61.4303869487851,-61.21297491261605,264.4,96,100,0.75
308,la union,37.46374976619471,-0.49898151772399046,298.6,58,18,7.45
309,clyde river,72.47032584140675,-74.925971726736,256.15,85,90,6.17
310,tomakivka,47.853532065523154,34.803604431165866,281.04,81,0,3
311,amberieu-en-bugey,45.92877355931839,5.407458941621286,279.48,81,0,1.03
312,rawlins,42.45288351655128,-107.7035000121059,266.05,73,90,7.72
313,torbay,47.77169527006609,-52.73568815723931,276.46,93,75,7.2
314,college,72.38623941462339,-146.32793348976455,287.15,28,1,3.09
315,kasongo-lunda,-7.381977870465349,16.52965943825228,294.84,99,100,0.19
316,kedrovyy,58.602425245416526,79.59930548467224,264.15,67,20,6
317,marcona,-21.044852896783,-83.92540605092458,NaN,NaN,NaN,NaN
318,neiafu,-17.746328955777983,-175.67271874438967,302.15,61,20,3.6
319,areosa,41.64112681097811,-11.781168260019399,287.44,94,40,1.03
320,tromso,72.05760065235748,18.871059935885455,280.15,57,20,3.6
321,bathsheba,16.172829344458336,-55.281705876437385,299.15,61,20,8.23
322,jabinyanah,35.02604730626035,11.2757304374108,288.15,63,20,3.09
323,saint-georges,5.992639627486838,-47.11776095211084,300.15,74,20,7.72
324,vaitupu,-12.223594049952666,-178.2154559532039,NaN,NaN,NaN,NaN
325,hualmay,-15.142721434329815,-86.25306858145963,293.35,84,100,3.73
326,charagua,-19.3970789421832,-63.06905565724092,292.67,89,45,1.41
327,san andres,12.706534881853628,-79.32966934991893,301.15,78,75,4.63
328,dongsheng,41.25471470788608,108.46521366072147,289.2,26,97,1.78
329,soyo,-6.807468387755989,11.452882738956163,298.21,90,100,4.26
330,sitka,50.233836056019754,-136.96422379695488,285.15,62,75,1.54
331,ingolstadt,48.876391411377426,11.52446002848842,279.02,93,29,2.06
332,kloulklubed,4.445322809792046,136.4779225922989,301.15,83,75,3.6
333,chahal,15.920221959812366,-89.42594438174191,298.06,86,63,1.19
334,abu dhabi,23.678592341507326,53.984011391211226,296.28,78,0,1.54
335,flinders,-32.569940770352936,131.2999253577089,294.18,54,52,3.13
336,moron,46.878675818061,98.099415718346,294.44,70,0,2.24
337,jiazi,21.203309604830864,117.12449285813341,295.23,61,58,6.98
338,kuusamo,65.87856815239712,28.872160757802362,270.15,86,0,0.51
339,saravan,16.374884393231383,105.91029139563057,290.15,51,40,4.12
340,liverpool,41.454854589776346,-63.82874894790697,281.48,67,100,0.45
341,tsihombe,-37.47171054809304,41.91074493900359,NaN,NaN,NaN,NaN
342,xinxiang,35.574217611184764,113.76086052486772,288.04,80,100,0.58
343,ust-ilimsk,59.23434995954702,103.60277932875766,264.67,81,100,7.52
344,hervey bay,-24.546190515999797,157.05783707023863,298.57,57,0,3.09
345,klaksvik,67.4217812380426,-7.171328467059368,277.15,87,20,1.03
346,vredendal,-31.307746903751692,17.279332900327717,293.68,59,6,3.24
347,nokaneng,-19.29162950476058,21.439809655906316,288.58,31,0,2.98
348,nizhnevartovsk,60.970602811076276,76.45013092643234,260.15,85,0,3
349,port macquarie,-32.70204086817567,161.45332651069901,295.62,51,13,0.89
350,bandarbeyla,9.037931058470818,53.7807815900257,300.64,80,100,2.79
351,namtsy,63.24099925053167,128.79006771304967,265.15,57,0,5
352,tadine,-21.397497857632032,168.59674645053025,299.64,79,48,5.68
353,bertoua,5.001943747893307,13.996155549233663,294.05,95,88,0.77
354,wajir,1.3115769425301664,40.14102569276611,297.93,77,89,3.8
355,tukrah,33.338075416305344,20.048594814517116,287.4,65,91,5.25
356,wellington,-32.11768751073526,149.0886789475013,288.45,82,90,6.17
357,maloshuyka,64.71876037196247,37.03992606731097,NaN,NaN,NaN,NaN
358,shingu,24.076656110608738,139.62325703606933,291.15,36,0,4.12
359,belaya gora,66.98732740849195,147.14817422063652,269.08,85,100,2.5
360,buy,58.40929966714188,41.57487307178002,272.4,77,6,3.35
361,elverum,60.72545073907588,11.534287363621331,275.23,82,25,0.62
362,nong han,17.26706960186098,103.17951565172939,299.6,89,0,2.06
363,tazovskiy,68.70453352170983,76.49234079010188,262.07,94,100,5.78
364,haverfordwest,51.17211088051718,-5.614169378792411,282.03,86,100,0.73
365,turukhansk,63.48004900654132,88.30441394353471,256.8,90,10,3.13
366,goderich,7.768030215309565,-16.552378527819144,279.15,81,100,4.63
367,kirksville,39.98009987222309,-92.74214476605492,276.31,60,90,6.17
368,meyungs,14.645603571094668,133.10998306747047,NaN,NaN,NaN,NaN
369,coquimbo,-29.00883475821626,-77.27497695543983,287.15,88,90,3.09
370,ferrol,46.39054105048086,-9.984321074753751,285.96,10,100,8.49
371,guerrero negro,18.813422426474744,-123.40472759477277,294.54,43,95,8.13
372,phan rang,8.956443125746702,110.9170296090823,NaN,NaN,NaN,NaN
373,la ronge,58.30953347468022,-103.3101775896056,273.65,47,100,4.63
374,le port,-20.141641237044112,53.913942171834776,294.41,73,0,3.09
375,agva,41.03868872453705,30.110092072824045,NaN,NaN,NaN,NaN
376,meulaboh,1.4085512229649453,91.17020111810643,298.23,79,96,1.56
377,geraldton,-28.300689002172923,114.98654979127394,289.15,77,4,3.09
378,muros,43.781655463744926,-16.198607019141804,285.95,83,100,0.45
379,ternate,2.738766521435977,128.41852405377756,301.46,74,100,1.79
380,nishihara,23.79490590447648,130.9594131745215,296.08,53,40,8.23
381,kiunga,-7.088331691996984,140.55360203582723,303.02,64,78,1.38
382,taperoa,-7.273148247822249,-36.80024991354776,294.66,83,89,2.22
383,valparaiso,-32.19293984894094,-74.18288424163129,287.08,88,75,2.57
384,mayskiy,48.25211646420735,139.75492368171177,281.15,93,20,2.59
385,tumannyy,73.95767203438879,38.1123295692297,NaN,NaN,NaN,NaN
386,lompoc,25.71182164694423,-125.98776075921889,286.11,72,2,5.66
387,olden,64.59512496577173,9.535882628708265,277.6,80,14,4.6
388,bowen,-16.065156945346104,150.41203310453295,300.15,69,75,6.17
389,tobol,52.94843525755036,62.72987841104026,269.94,49,0,3.08
390,chuy,-59.80585933817753,-28.92235139184058,291.59,80,0,4.67
391,poya,-22.291861749119846,164.7270434639736,299.04,81,89,3.76
392,longyearbyen,85.62529434661104,14.186249992027058,273.15,80,75,2.57
393,samalaeulu,-9.727257179448216,-170.06276327068417,NaN,NaN,NaN,NaN
394,leningradskiy,86.50042133954776,176.8934451605203,269.49,80,14,3.45
395,warqla,32.77868341950567,4.895869622843861,NaN,NaN,NaN,NaN
396,puerto escondido,8.603075889393594,-100.75564531260216,301.15,74,40,2.57
397,erzin,47.95372969161335,95.77409886809022,295.93,58,99,4.47
398,lasa,32.76984747770318,90.75422960191048,275.56,75,20,2.57
399,zhigalovo,55.101200319936936,105.28390629455794,269.9,62,100,4.04
400,maniitsoq,64.18768910654379,-54.94302770222686,271.73,98,100,2.34
401,belyy yar,61.82087933152968,84.35216747988886,268.15,50,40,5
402,pedasi,7.301628803963354,-79.17671777641166,299.68,84,39,4.06
403,nome,67.05142820001916,-164.8147062103159,274.99,65,1,10.8
404,wanning,19.154954356075763,112.21072555680183,299.25,84,99,4.46
405,yulara,-26.13765372193997,124.82293680141981,292.15,27,0,4.12
406,thinadhoo,0.5201274831103433,64.25174356033676,301.15,62,100,2.03
407,fare,-16.127152338091634,-150.37820931564727,301.2,72,4,5.52
408,biak,0.9956183181308376,136.11359607672904,300.19,67,100,0.88
409,karkaralinsk,48.48299638668266,74.66494551952073,NaN,NaN,NaN,NaN
410,bara,16.408358362746583,28.801544055607593,300.23,41,84,2.31
411,preeceville,51.96138344713836,-102.81282898144529,272.06,73,100,5.85
412,omsukchan,60.16531482655242,156.2393224693812,273.34,85,100,4.33
413,avera,-33.550285296170934,-155.71415308430272,290.04,48,1,2.13
414,bardiyah,30.001738552599136,24.303532814123514,288.21,71,62,8.87
415,dorfen,48.240695558028506,12.092510952497804,278.67,93,75,1.03
416,kihei,20.320831166253072,-156.5343631265689,301.53,51,20,4.63
417,drexel heights,32.03252692325748,-111.19076167977502,299.85,9,1,4.12
418,roald,69.73553157804986,2.040103677248595,278.75,70,12,2.57
419,pisco,-25.40414127707885,-96.77285624985282,292.1,82,0,7.72
420,matamoros,24.892740211517463,-95.8266752463494,298.8,21,40,4.75
421,peace river,57.02101939445899,-116.344460045076,285.15,26,20,6.17
422,terney,44.93508835627344,137.80419339291836,278.12,30,0,8.61
423,kushmurun,50.37515729909251,63.87221725917422,270.35,51,0,3.69
424,quatre cocos,-18.5668979602371,64.95607352110304,298.33,89,75,3.09
425,aklavik,67.86376705702236,-141.70252395077836,281.62,39,36,1.54
426,obala,4.157165889374255,11.598131015124522,294.15,94,20,0.89
427,nkoteng,4.507264404707385,12.13150168724519,294.68,95,99,0.71
428,rio gallegos,-51.53022633680375,-68.50514824837545,279.15,61,0,4.63
429,eureka,40.82402491094928,-124.78223011150746,286.13,66,68,1.79
430,bengkulu,-19.346289538018326,85.95413634668603,299.34,78,16,1.23
431,svirstroy,60.887375877205926,33.76708719085113,274.73,77,100,2.32
432,ambon,-5.695164238599759,128.60394985110293,302.15,79,20,1.03
433,ust-bolsheretsk,53.17179730838237,155.14037933755657,NaN,NaN,NaN,NaN
434,iquique,-20.705730774953608,-73.43336432514255,292.15,72,0,4.63
435,mogadishu,0.6812791787164088,48.223074599877634,300.79,76,52,3.27
436,havelock,32.55045442357688,-75.23945384245984,287.09,77,0,1.34
437,falun,61.3833162670131,15.241390715569338,275.48,70,0,1.54
438,novokizhinginsk,51.520463241954815,109.32580131325244,282.18,36,99,4.25
439,tumpat,7.044290458189366,102.90955813399046,298.15,94,20,1.54
440,karratha,-18.18167734463097,109.88379319202755,300.55,43,0,2.87
441,chimbote,-9.410867411743155,-80.1331660001921,292.72,85,14,3.04
442,lephepe,-22.823075727566092,24.868402683847364,NaN,NaN,NaN,NaN
443,cidreira,-48.20904919530441,-30.136703973192,293.92,71,3,4.27
444,palkaka,15.497332607398434,-83.71895745756429,NaN,NaN,NaN,NaN
445,sarangani,4.1413198963225994,125.64314091153079,301.6,77,100,8.88
446,rungata,2.548159879280817,178.84188590330058,NaN,NaN,NaN,NaN
447,cockburn harbour,22.57648119495954,-72.85067364754683,NaN,NaN,NaN,NaN
448,latung,3.27221111813914,122.45234251939047,300.83,74,100,1.51
449,port shepstone,-30.66517012220997,30.26937146884339,293.82,76,100,7.97
450,nuuk,59.318413562261185,-54.92058989863634,274.15,93,90,13.38
451,zhanaozen,43.15061761247787,53.26331596532066,289.08,49,100,3.47
452,altagracia de orituco,9.81935926024292,-66.25009803119029,296.39,80,84,3.36
453,chara,59.11708964495364,117.97498841075293,264.6,84,100,1.24
454,batemans bay,-39.097027810647624,154.39866420929968,291.53,50,51,0.45
455,kamaishi,37.89392355377697,145.74511074603214,286.15,58,75,3.09
456,vila velha,-25.53381533846867,-23.62300988973891,298.27,88,90,3.09
457,broken hill,-29.19590370237637,142.35806218181455,293.15,30,4,5.14
458,darhan,47.23028153982901,109.48825709078648,284.47,36,100,3.27
459,corralillo,23.044551389257094,-80.4833724485488,299.85,64,5,5.21
460,nouakchott,18.322178657817886,-14.776277465262893,292.15,88,0,4.63
461,jimenez,28.731009324874407,-105.32012598329136,291.15,36,40,4.63
462,payo,14.697218274067865,125.01118301271032,297.73,89,28,0.24
463,eydhafushi,4.753365179640355,70.7372121784816,301.18,67,99,1.84
464,arona,26.591555019392985,-16.406168700904118,290.15,68,20,3.09
465,kabugao,18.085249462063516,121.00502192024624,295.87,98,100,0.77
466,mateus leme,-19.881888664950935,-44.458951008777774,295.84,60,0,2.22
467,maceio,-14.197954425846717,-31.424244586084882,297.15,94,0,1.03
468,sile,41.21000263560077,29.286398386682208,285.29,76,75,4.63
469,orange cove,37.820571866147176,-118.34070707879616,303.71,19,3,1.79
470,kaliua,-4.9706472445709835,31.915735294219047,289.95,97,100,1.87
471,whitefish,48.527727312399094,-114.7731084633807,279.87,29,75,3.09
472,tkibuli,42.55209865193632,42.87974208726317,291.15,72,75,10.29
473,ponta delgada,34.08158882097834,-28.149436082072413,290.15,88,20,4.12
474,phangnga,8.87634181448935,96.79692333079538,298.86,94,75,0.51
475,waipawa,-45.732535262489954,179.27918727647608,288.83,82,90,6.17
476,urengoy,65.77704266310187,78.38054551700463,263.09,94,100,6.16
477,khandyga,64.73684706273144,134.12995109908223,271.39,93,100,2.32
478,ojinaga,28.830250152960502,-104.39919581767188,292.4,34,1,0.57
479,khonsa,26.9079454484081,95.57654312933386,289.68,75,99,1.39
480,marystown,44.65117241775735,-53.89409004694673,276.74,95,100,4.92
481,hanyang,26.86825634272978,119.85316739074352,286.04,92,100,0.86
482,tateyama,30.091033622110487,141.79725052273454,289.94,67,0,1.54
483,evensk,61.58178931893963,157.7607206661346,275.1,89,100,5.99
484,gori,42.16855284750477,44.13931253148712,287.94,71,100,2.17
485,bijie,27.07046404447736,105.44652033427036,284.38,95,100,1.82
486,guarapari,-24.259455870045727,-34.8068503877694,298.28,88,90,3.09
487,shelburne,40.83955797236132,-63.997282979754345,279.34,95,100,5.42
488,rakitnoye,49.698532725323304,30.59786417658873,280.15,93,75,3
489,praia,5.59484635311874,-23.804643075207423,294.15,78,20,6.17
490,monrovia,1.5128830261167394,-14.026582374143544,298.15,94,40,2.76
491,turbat,26.26879561659159,63.95465069413416,295.35,41,4,0.31
492,merauke,-7.8795439822015965,137.51042945567826,300.66,80,98,3.37
493,batagay,65.46954437499727,135.4997709117887,265.48,86,100,3.06
494,ijaki,-2.187447187411877,175.2638222363696,NaN,NaN,NaN,NaN
495,vilhena,-13.226857425656107,-59.56412724494794,293.63,96,100,0.2
496,saldanha,-39.837812095868784,3.767152615303303,291.15,63,3,2.06
497,tasgaon,17.12031198536944,74.73535490001606,297.04,58,0,2.41
498,farafangana,-22.881638762336777,48.00312824483555,294.76,78,93,1.98
499,ferkessedougou,9.643491275841825,-4.222240752186195,301.02,61,100,3.05
500,barda,56.569099116821604,55.551256440196084,290.61,63,100,1.79
501,casablanca,32.639897075247646,-6.799190582453264,289.33,94,20,2.06
502,chagda,58.17046226682996,131.5989257262271,NaN,NaN,NaN,NaN
503,wa,10.365381376692469,-2.62242200056653,NaN,NaN,NaN,NaN
504,port blair,11.667076219920048,95.61419803673573,300.71,72,100,1.04
505,porbandar,20.737196310419904,68.68444739590964,299.44,80,55,4.09
506,dawlatabad,35.7220762417935,63.91791624764227,291.27,33,71,3.31
507,pacifica,36.517482863841366,-126.20932919424898,285.73,76,40,6.17
508,kamenskoye,62.26498983656876,163.27352010372437,NaN,NaN,NaN,NaN
509,kidal,17.9689957230199,1.8237633133806241,302.1,9,57,3.73
510,marsa matruh,32.033207577151785,28.60790248691376,290.15,77,40,6.17
511,chor,25.97499566308582,70.14367549469998,301.46,31,100,4.66
512,longlac,52.1263176119877,-85.13907396396017,NaN,NaN,NaN,NaN
513,zhangjiakou,43.320868541075214,116.07227987200605,292.13,21,39,3.52
514,alotau,-9.7366927375448,150.68425080070472,NaN,NaN,NaN,NaN
515,coihaique,-49.93110385438534,-76.26634941803059,281.15,81,75,1.87
516,ancud,-40.55232023491748,-87.1628088609148,281.58,100,0,1.03
517,alofi,-17.171033515970493,-164.39764935790376,303.15,62,75,8.23
518,sofiyivka,48.07124717049825,33.98170523949352,282.09,71,90,3
519,limulunga,-15.135261141651014,23.432684507250144,289.78,67,8,3.44
520,zhigansk,71.79155696168027,120.25353602061926,260.21,89,66,7.02
521,westerland,54.67207411143829,8.360220336297942,279.6,81,0,3.6
522,hansot,21.507945695661334,72.61822080359812,300.15,89,40,2.57
523,tomigusuku,26.566218025077205,126.78976937753674,296.08,53,40,8.23
524,bhag,28.770181732095267,68.16005141415101,298.37,39,100,7.48
525,sao joao del rei,-21.080247223712405,-44.384290732234604,288.25,95,0,1.34
526,pombas,18.50107371012612,-23.590060640338777,295.15,68,40,9.26
527,belmonte,-15.562031771959695,-37.71821287197133,298.15,83,75,3.09
528,savyntsi,49.17699434250079,37.01209701996376,282.52,82,100,2.56
529,petropavlovsk-kamchatskiy,49.878328483682594,163.3263894228976,277.15,87,90,8
530,manicore,-6.816137826532199,-60.20080679894643,298.15,94,20,2.06
531,ostrovnoy,76.34009788694786,43.246726188294986,274.43,86,22,6.41
532,manglisi,41.664259574461795,44.30176891941974,291.15,55,0,5.66
533,tombouctou,17.586529291273052,-3.520465382687348,298.27,8,10,4.7
534,eskasem,37.4365567121409,72.49981492511202,NaN,NaN,NaN,NaN
535,asau,-4.555103462461588,178.91745325854254,279.82,62,100,1.66
536,pembroke,46.23218182646917,-76.84848102515328,288.15,36,90,5.66
537,shiraz,29.457179189253765,52.311986387521756,286.15,44,0,2.49
538,san miguel el alto,21.079592229207094,-102.35797603905759,297.8,7,6,5.95
539,wadi musa,30.163354586457245,35.88128987613544,295.78,21,90,1.08
540,sandpoint,48.016173031687714,-116.10394267328314,284.42,28,1,4.12
541,natitingou,10.281327804979483,1.1290905136916365,301.15,65,0,2.06
542,almaznyy,62.92011504438216,115.58637122189555,281.15,93,20,2.52
543,sawakin,20.921249592319825,36.922741151557375,300.05,65,61,2.41
544,tucumcari,35.124455021644806,-104.14189632416293,295.15,14,1,8.23
545,ituni,5.602194539570348,-57.66761581987981,NaN,NaN,NaN,NaN
546,jacqueville,4.642200757379769,-4.1229102423566815,300.15,94,20,1.03
547,beyla,9.162679161288978,-8.321298746873367,296.47,72,13,1.77
548,isa khel,32.69768036506149,71.23812484624057,290.97,39,100,0.12
549,lyuban,53.10554939165601,28.306091829992965,277.66,95,100,3.16
550,bima,-6.96562437119961,119.13825274179692,300.92,67,9,2.56
551,loiza,20.022896420495726,-65.49448171140114,298.83,74,20,3.6
552,santa cruz de la palma,29.93353529128477,-17.526020817393004,289.75,72,0,5.66
553,la rioja,-30.33024427297846,-67.67242302770435,285.63,58,0,2.57
554,bama,12.080850275882526,14.221748828890128,301.71,8,3,1.22
555,mogok,23.16138093865139,97.08221968499436,297.47,27,13,0.62
556,tecoanapa,14.094778937033624,-99.24138230591575,299.51,58,0,2.79
557,troitskoye,49.15742242521179,136.7563535646221,267.01,75,99,3.3
558,bambanglipuro,-16.094237024213115,108.33708633440443,300.68,69,78,3.37
559,tabiauea,-0.7378640307590558,169.51073704586457,NaN,NaN,NaN,NaN
560,manzanillo,18.481926318464502,-104.58162734660115,297.77,68,26,3.12
561,viligili,-1.2578231545301577,79.96015925696508,NaN,NaN,NaN,NaN
562,aleksandrovsk-sakhalinskiy,50.613758908203664,141.5790229342225,274.32,86,96,3.35
563,fairbanks,63.821314322787515,-143.20999149072765,287.15,28,1,3.09
564,zonguldak,42.29767686126672,32.419924091236965,282.26,87,65,0.62
565,saint-paul,-20.718380372550058,53.48790069537213,294.41,73,0,3.09
566,marathon,48.3555736321307,-86.46072737607493,275.13,48,90,4.63
567,torata,-17.137934170060262,-70.69279674921165,288.1,59,0,1.14
568,sechura,-7.47225411035744,-82.80819133242511,296.37,69,13,7.35
569,aktau,43.43881059516872,50.389635203150846,288.15,67,0,5
570,herat,35.71982552259932,63.02321076415677,288.15,31,0,1.03
571,liwale,-10.026447751879374,38.172572931844115,291.96,89,100,2.99
572,lazaro cardenas,6.679003007785326,-108.33099001452382,297.96,60,17,2.96
573,santiago de cao,-8.591489405723578,-79.75384590663124,292.15,88,40,4.63
574,tezu,29.8241282014491,98.09943709295152,296.37,43,100,0.76
575,amapa,1.1626863436190433,-50.93791876299278,295.71,98,100,1.08
576,oneonta,42.781652506747434,-74.89012241746997,280.25,79,9,1.61
577,zhenhai,30.496355836585707,121.83552594896815,295.15,60,0,5
578,tokat,40.42176344518276,36.36834948459398,286.13,51,100,4.63
579,itarema,3.072968666530784,-38.40384651031604,297.41,89,99,1.07
580,wairoa,-40.398980980889085,178.4616318750613,294.26,61,100,0.89
581,poronaysk,49.34049573066207,144.6042623411788,278,66,20,2.09
582,atar,19.08242727182109,-12.386397970407074,298.64,13,99,0.91
583,dongying,37.86580866563149,118.64848403981722,294.68,31,100,1.8
584,vestmannaeyjar,54.14599330559744,-20.25528951679277,276.66,59,100,11.51
585,taksimo,56.96259761432697,115.00672600208776,269.89,62,72,0.78
586,chistoye,56.72579960083593,43.04165803176511,276.04,35,0,5
587,saint george,30.864825529610016,-55.78154949946334,299.45,7,1,9.26
588,abu zabad,12.819923069916612,29.110096895735865,300.93,12,88,3.05
589,mutum,-19.813230903113066,-41.41681777248914,292.64,95,0,1.77
590,berlevag,86.71692590507342,32.608160296001216,275.62,67,16,4.68
591,kalmunai,8.413741895404115,84.91822183521401,299.03,82,92,1.46
592,korem,12.85975206888736,39.70868512941803,284.63,58,12,0.7
593,xinqing,48.74704270580807,129.70957447276987,277.47,18,0,8.22
594,caldelas,41.672785546255966,-8.336054241258068,285.27,94,40,1.03
595,abidjan,4.64730940916354,-3.924186070502941,300.15,94,20,1.03
596,mount gambier,-48.58482663659697,130.5947901449436,284.15,82,75,7.72
597,prince albert,53.92827703059953,-106.0268465834485,272.15,86,75,6.17
598,oktyabrskiy,52.68832206625356,153.1855054544376,271.86,57,0,2.78
599,acarau,6.705299593663042,-39.521020625665614,297.76,87,98,1.24
600,otavi,-19.282743807436205,17.23446828266779,288.85,42,0,4.39
601,huarmey,-14.861595922631636,-88.39000580778614,293.69,82,81,3.66
602,baruun-urt,47.6619786887218,112.93116627082509,283.93,21,5,3.25
603,naranjal,-2.9165353221904695,-79.5018588667054,300.15,78,40,4.63
604,otradnoye,43.929915998945376,146.66991911142964,275.69,64,0,3
605,havre-saint-pierre,50.06248677850536,-61.090338468100555,279.15,87,90,3.09
606,oranjemund,-29.663453224130848,15.439264548645411,288.76,91,3,2.14
607,meadow lake,56.82320810735348,-107.70211490043923,293.75,11,20,7.72
608,san policarpo,13.664361324881924,130.61242573863484,300.29,75,100,7.09
609,pemba,-13.387183063559164,41.355434458115184,297.15,88,75,4.63
610,shiloh,38.713592726186704,-89.70761169549833,290.44,39,75,3.09
611,lodeynoye pole,60.82420084538492,33.41408685919532,274.85,77,100,2.36
612,inuvik,67.90662063712023,-133.48531649379225,281.64,39,100,1.54
613,kibala,-9.928520353895408,14.16665808963765,302.15,48,0,3.09
614,ossora,59.61943528115029,163.7982348464417,273.85,94,100,2.25
615,siocon,7.774767445563384,121.52448495271597,301.46,75,100,5.63
616,balimo,-7.957957412646991,143.63079968370477,NaN,NaN,NaN,NaN
617,tasbuget,43.35297723037539,64.34323752532714,NaN,NaN,NaN,NaN
618,along,32.65033503792313,95.0432212950654,290.88,88,98,0.8
619,merke,43.71459129092125,72.84142741055334,286.42,43,100,2.89
620,cherskiy,85.36316864938402,163.133124650752,274.12,82,100,6.07
621,taquaritinga do norte,-7.887398528395636,-35.91168931154078,291.78,96,21,1.64
622,plouzane,48.42688457268264,-4.7024869697403915,280.84,81,0,1.54
623,nsanje,-17.56201787610219,34.83095845077719,293.69,90,100,0.55
624,berezovyy,51.91713295745075,135.03670361031618,274.28,65,99,3.08
625,ponta do sol,24.00469793183609,-23.560846303774213,286.63,73,1,0.89
626,nanakuli,11.600091204365,-164.55858270088856,300.43,54,1,3.09
627,san quintin,29.825940529437958,-116.19165713311727,293.3,55,0,6.06
628,malanje,-9.875314498837298,15.548198529445784,290.48,96,99,0.5
629,magdagachi,54.80782824081618,126.07665666553709,273.29,31,3,4.91
630,sungaipenuh,-1.4444163324656074,101.98731535478049,293.93,83,83,0.26
631,zhovti vody,48.33785256781803,33.60253584758496,282.09,71,90,3
632,mount isa,-24.1684762084639,140.12107780262352,302.15,32,46,3.09
633,narsaq,77.76894066422508,-65.10299921390481,275.15,51,75,1.54
634,guanica,15.394934980374629,-67.17003027769427,298.03,73,44,4.97
635,anadyr,65.05023336420714,173.76878919590882,265.15,86,0,3
636,uige,-7.008275233827163,14.917487919634453,292.06,98,98,0.67
637,negombo,7.322302645286953,79.11001082651507,299.15,89,20,1.54
638,kuche,42.00362436704677,84.0807789722478,NaN,NaN,NaN,NaN
639,helvecia,46.787246777354085,19.660504717440773,280.01,93,90,1.03
640,marion,40.543405917751215,-83.19266340103358,284.08,58,40,8.75
641,ust-kamchatsk,55.19152044375579,162.14755599507305,NaN,NaN,NaN,NaN
642,akureyri,63.64181038896666,-17.844160195734617,274.15,64,75,5.14
643,varhaug,57.27560931723056,3.612823586514395,277.57,70,0,3.14
644,bandar,1.015001719546916,99.83625249674913,298.04,88,18,0.41
